accuracy,precision_macro,recall_macro,f1_macro,f1_weighted,roc_auc_ovr_macro,seed,feature_set,model_name,split_type,train_rows,test_rows
0.4675324675324675,0.5304565762231666,0.5281171679197995,0.44173516401095964,0.5245275457425892,0.7359379924934436,0,financial_only,logistic_regression,stratified,305,77
0.33766233766233766,0.4940898345153664,0.5148026315789473,0.3397530864197531,0.37058201058201057,0.6660974685645739,0,financial_only,naive_bayes,stratified,305,77
0.5844155844155844,0.41478129713423834,0.4292763157894737,0.4194053208137715,0.5748429973782087,0.7393036353092745,0,financial_only,random_forest,stratified,305,77
0.5844155844155844,0.5008417508417509,0.5053258145363408,0.5009297615759919,0.5884404466011757,0.7427306915793759,0,financial_only,xgboost,stratified,305,77
0.5714285714285714,0.5450016469038208,0.6032268170426066,0.5220458553791887,0.5982958840101696,0.7470670628800328,0,financial_enriched,logistic_regression,stratified,305,77
0.4025974025974026,0.5538992408557626,0.5553728070175439,0.3912518210567459,0.446935433184234,0.7503392849492473,0,financial_enriched,naive_bayes,stratified,305,77
0.6753246753246753,0.46082621082621084,0.49396929824561403,0.4765724471606825,0.6528627980117667,0.8451238176332162,0,financial_enriched,random_forest,stratified,305,77
0.6493506493506493,0.5778619528619529,0.5896773182957394,0.582952182952183,0.6516834516834517,0.8000786937582051,0,financial_enriched,xgboost,stratified,305,77
0.6493506493506493,0.5454545454545454,0.5491854636591479,0.5421130773243449,0.6651908342049186,0.7295931277369249,0,esg_only,logistic_regression,stratified,305,77
0.12987012987012986,0.41304347826086957,0.28853383458646614,0.1307017543859649,0.12412850307587149,0.6389965967268599,0,esg_only,naive_bayes,stratified,305,77
0.7142857142857143,0.8034188034188033,0.5996240601503758,0.634524516877458,0.7054899094624075,0.8131255814291528,0,esg_only,random_forest,stratified,305,77
0.6753246753246753,0.5936507936507937,0.5667293233082707,0.5761648745519713,0.6685518782292975,0.7759427280808859,0,esg_only,xgboost,stratified,305,77
0.6233766233766234,0.5226158645276292,0.5283521303258145,0.5208333333333334,0.6378066378066378,0.7428015150054623,0,esg_financial,logistic_regression,stratified,305,77
0.33766233766233766,0.609090909090909,0.5115131578947368,0.34637992831541214,0.39593911464879206,0.6691152197496182,0,esg_financial,naive_bayes,stratified,305,77
0.6753246753246753,0.5671347622567134,0.5295269423558897,0.5352158390133074,0.6615283450726489,0.822874149659864,0,esg_financial,random_forest,stratified,305,77
0.6493506493506493,0.548015873015873,0.5475407268170426,0.5474024183701603,0.6476534218469703,0.8082488252835996,0,esg_financial,xgboost,stratified,305,77
0.6753246753246753,0.5796221322537112,0.6022869674185464,0.5788263762855413,0.68781907747425,0.7752703741190583,0,esg_financial_enriched,logistic_regression,stratified,305,77
0.35064935064935066,0.5749643874643874,0.5202850877192983,0.35341101056961605,0.401092759918721,0.7026320666593223,0,esg_financial_enriched,naive_bayes,stratified,305,77
0.7272727272727273,0.8127917833800188,0.5679041353383458,0.5823232323232324,0.7071822117276663,0.8821845612964033,0,esg_financial_enriched,random_forest,stratified,305,77
0.7532467532467533,0.679691653375864,0.6631422305764411,0.6704453441295547,0.7516483516483516,0.8726824214841132,0,esg_financial_enriched,xgboost,stratified,305,77
0.3684210526315789,0.5220354808590103,0.4658730158730158,0.37179822872545243,0.42165271669740384,0.6196783273373977,0,financial_only,logistic_regression,grouped,306,76
0.23684210526315788,0.5134502923976608,0.43203463203463205,0.23376068376068374,0.22893049932523615,0.5932437121275915,0,financial_only,naive_bayes,grouped,306,76
0.5131578947368421,0.4403409090909091,0.44610389610389606,0.4410483467828323,0.5201967999338487,0.6980162599940886,0,financial_only,random_forest,grouped,306,76
0.4868421052631579,0.4503367003367003,0.4896103896103896,0.4542483660130719,0.49600103199174417,0.7003728125860772,0,financial_only,xgboost,grouped,306,76
0.4342105263157895,0.36611611611611616,0.35624098124098125,0.35652841781874045,0.44426388552025226,0.5941462368047651,0,financial_enriched,logistic_regression,grouped,306,76
0.3026315789473684,0.5114478114478115,0.47907647907647916,0.30586513565236967,0.3260856040811248,0.6253443606597487,0,financial_enriched,naive_bayes,grouped,306,76
0.5789473684210527,0.5307359307359307,0.558008658008658,0.5403508771929825,0.5819153146022952,0.7267298216619018,0,financial_enriched,random_forest,grouped,306,76
0.5526315789473685,0.5148467432950191,0.5705266955266955,0.5267282102809933,0.5588231243575436,0.7312725654038923,0,financial_enriched,xgboost,grouped,306,76
0.47368421052631576,0.4534188034188034,0.5128066378066378,0.4522942145892966,0.48463371543613126,0.6471711016777497,0,esg_only,logistic_regression,grouped,306,76
0.11842105263157894,0.37089201877934275,0.3434343434343434,0.08711839166046165,0.04686091625191049,0.6059431870601418,0,esg_only,naive_bayes,grouped,306,76
0.5394736842105263,0.5294372294372294,0.5294372294372294,0.5294372294372294,0.5394736842105263,0.709521233681255,0,esg_only,random_forest,grouped,306,76
0.5263157894736842,0.5037493158182813,0.5509018759018759,0.5196620583717357,0.5267402376910016,0.6781823138509603,0,esg_only,xgboost,grouped,306,76
0.4473684210526316,0.4347319347319347,0.49260461760461766,0.4280510018214936,0.46088582111015247,0.6796054015635028,0,esg_financial,logistic_regression,grouped,306,76
0.23684210526315788,0.4009553664726078,0.43030303030303024,0.23225735617039966,0.23081010332154497,0.6459231231123227,0,esg_financial,naive_bayes,grouped,306,76
0.5526315789473685,0.5266389384036443,0.538961038961039,0.5320456540825286,0.5537405850006931,0.7542115630607422,0,esg_financial,random_forest,grouped,306,76
0.4868421052631579,0.4555229716520039,0.4901875901875902,0.4666666666666666,0.48987240829346096,0.7248276174544485,0,esg_financial,xgboost,grouped,306,76
0.5657894736842105,0.496221322537112,0.5146103896103896,0.4959623906246485,0.5700958229300221,0.6496990260378203,0,esg_financial_enriched,logistic_regression,grouped,306,76
0.2631578947368421,0.45073891625615764,0.4487734487734487,0.25289853861282435,0.260429944640471,0.6508899842960268,0,esg_financial_enriched,naive_bayes,grouped,306,76
0.6447368421052632,0.606945655332752,0.6067821067821068,0.6064814814814815,0.6438230994152047,0.7814106260510701,0,esg_financial_enriched,random_forest,grouped,306,76
0.5789473684210527,0.5365196078431372,0.558008658008658,0.5453239192369627,0.5809384106866945,0.7806603225349681,0,esg_financial_enriched,xgboost,grouped,306,76
0.37662337662337664,0.4786967418546366,0.38901942355889724,0.36138065289008686,0.44900642932987955,0.6146032817085448,1,financial_only,logistic_regression,stratified,305,77
0.2987012987012987,0.496264367816092,0.3380325814536341,0.2896427614584755,0.3467684709097487,0.5908336163975262,1,financial_only,naive_bayes,stratified,305,77
0.6883116883116883,0.626984126984127,0.5399436090225563,0.5497150997150997,0.6716505716505717,0.8054691157839655,1,financial_only,random_forest,stratified,305,77
0.6753246753246753,0.6189024390243902,0.5667293233082707,0.5827100115074799,0.6676131693392913,0.7677774067341736,1,financial_only,xgboost,stratified,305,77
0.4935064935064935,0.5344523505443046,0.4389880952380952,0.44381669805398616,0.5674419742216352,0.6788834685921152,1,financial_enriched,logistic_regression,stratified,305,77
0.4155844155844156,0.5709534368070953,0.49631892230576447,0.40942545109211775,0.48476985976985976,0.6592176029206104,1,financial_enriched,naive_bayes,stratified,305,77
0.7532467532467533,0.7497459349593495,0.6631422305764411,0.6914437092443421,0.7480908044774558,0.8456089475826317,1,financial_enriched,random_forest,stratified,305,77
0.7792207792207793,0.7682926829268292,0.6823308270676692,0.7102991944764097,0.7735716527431142,0.8379221481665091,1,financial_enriched,xgboost,stratified,305,77
0.5714285714285714,0.524467178175618,0.5643796992481204,0.5092031425364758,0.5949276312912676,0.7269336535783903,1,esg_only,logistic_regression,stratified,305,77
0.45454545454545453,0.4715504978662874,0.5417449874686716,0.35738562091503273,0.41717341482047365,0.7158387230285728,1,esg_only,naive_bayes,stratified,305,77
0.6623376623376623,0.7703703703703703,0.5223997493734336,0.5383358471593765,0.6459471900648371,0.7997785118320833,1,esg_only,random_forest,stratified,305,77
0.6493506493506493,0.6518847006651884,0.5491854636591479,0.5747484582927621,0.6419352799099635,0.743835244399154,1,esg_only,xgboost,stratified,305,77
0.5844155844155844,0.5419753086419753,0.5764411027568922,0.5246544317664291,0.6152101655591188,0.7341038225906648,1,esg_financial,logistic_regression,stratified,305,77
0.33766233766233766,0.4887596899224806,0.4272399749373434,0.29869281045751633,0.34871403106697224,0.6262437802381412,1,esg_financial,naive_bayes,stratified,305,77
0.7402597402597403,0.6604495456719274,0.5766760651629073,0.5848783190555342,0.7221483285925173,0.8248763698011818,1,esg_financial,random_forest,stratified,305,77
0.7012987012987013,0.583829365079365,0.5470708020050125,0.5520833333333334,0.6857142857142857,0.7840113294530587,1,esg_financial,xgboost,stratified,305,77
0.5974025974025974,0.5145833333333333,0.5091635338345865,0.500544616673649,0.6251350660232101,0.761986927024521,1,esg_financial_enriched,logistic_regression,stratified,305,77
0.38961038961038963,0.5168408826945412,0.4672619047619048,0.36136363636363633,0.42775482093663914,0.6761165734849944,1,esg_financial_enriched,naive_bayes,stratified,305,77
0.8441558441558441,0.8917378917378916,0.6939223057644109,0.7256882551000198,0.8312922965329382,0.8842061560341635,1,esg_financial_enriched,random_forest,stratified,305,77
0.7792207792207793,0.6917562724014337,0.6418389724310777,0.6562650312650312,0.7683186222147261,0.8407881348670821,1,esg_financial_enriched,xgboost,stratified,305,77
0.5,0.567037037037037,0.5595595595595596,0.477658303464755,0.5420769666100735,0.7101915797892436,1,financial_only,logistic_regression,grouped,306,76
0.3684210526315789,0.52270955165692,0.4953953953953954,0.3708742756361804,0.3986752595775152,0.6766028145651767,1,financial_only,naive_bayes,grouped,306,76
0.6447368421052632,0.5820195650416363,0.5633633633633633,0.5706102003642988,0.6408761144664942,0.7819160734637697,1,financial_only,random_forest,grouped,306,76
0.5921052631578947,0.5208909370199692,0.5252252252252252,0.5225369891029943,0.5954981734606865,0.7708421894664594,1,financial_only,xgboost,grouped,306,76
0.5657894736842105,0.5948717948717949,0.584984984984985,0.5326170126170126,0.6129618919092603,0.7774907014037448,1,financial_enriched,logistic_regression,grouped,306,76
0.4605263157894737,0.5889550264550264,0.5626626626626626,0.4579348471931592,0.5091924766578152,0.7172581157006855,1,financial_enriched,naive_bayes,grouped,306,76
0.7236842105263158,0.642015392015392,0.6237237237237236,0.6303272450532723,0.7210481254506128,0.8947022460487744,1,financial_enriched,random_forest,grouped,306,76
0.6710526315789473,0.6218487394957983,0.6654654654654655,0.6343307219629621,0.6770682486777367,0.8515420202311832,1,financial_enriched,xgboost,grouped,306,76
0.47368421052631576,0.40573476702508965,0.3838838838838839,0.3907171791316641,0.49465329736133823,0.6281439628616786,1,esg_only,logistic_regression,grouped,306,76
0.10526315789473684,0.1384335154826958,0.21851851851851853,0.0989010989010989,0.07764603817235396,0.51569110916937,1,esg_only,naive_bayes,grouped,306,76
0.5789473684210527,0.5,0.4601601601601602,0.4607090643274854,0.5625432825484765,0.7127367671170397,1,esg_only,random_forest,grouped,306,76
0.5921052631578947,0.48333333333333334,0.4670670670670671,0.4653467488910527,0.5738482037615948,0.6901157309658283,1,esg_only,xgboost,grouped,306,76
0.4868421052631579,0.4109062980030722,0.3928928928928929,0.3988022864170615,0.5051269504312961,0.6698610181089091,1,esg_financial,logistic_regression,grouped,306,76
0.32894736842105265,0.46412181894034205,0.406006006006006,0.32716049382716045,0.3725633528265107,0.5855739806096717,1,esg_financial,naive_bayes,grouped,306,76
0.5789473684210527,0.5010860484544696,0.4601601601601602,0.46102564102564103,0.5637584345479083,0.7516622247965531,1,esg_financial,random_forest,grouped,306,76
0.5526315789473685,0.48164906988436407,0.44004004004004,0.44152046783625726,0.5373961218836566,0.7282127857403653,1,esg_financial,xgboost,grouped,306,76
0.5657894736842105,0.4977633477633478,0.5030030030030029,0.49384236453201974,0.5815238527352866,0.7272755434014356,1,esg_financial_enriched,logistic_regression,grouped,306,76
0.39473684210526316,0.5454545454545454,0.45735735735735733,0.3945857260049221,0.4568455593454514,0.6535852779850184,1,esg_financial_enriched,naive_bayes,grouped,306,76
0.6710526315789473,0.6749622926093514,0.5617617617617617,0.5771926243451043,0.6614642085925162,0.8349561761631845,1,esg_financial_enriched,random_forest,grouped,306,76
0.6447368421052632,0.6056277056277056,0.5913913913913914,0.5973389355742297,0.646423042901371,0.8134989454587119,1,esg_financial_enriched,xgboost,grouped,306,76
0.5454545454545454,0.5699454866121533,0.5517700501253132,0.5006535947712418,0.6023427552839317,0.7742084913137545,2,financial_only,logistic_regression,stratified,305,77
0.36363636363636365,0.5071138211382114,0.49678884711779453,0.3609523809523809,0.4031354359925788,0.6895714178608916,2,financial_only,naive_bayes,stratified,305,77
0.7272727272727273,0.672609819121447,0.6149749373433583,0.6250029708853239,0.7207482001064889,0.8684716121041309,2,financial_only,random_forest,stratified,305,77
0.6883116883116883,0.6447154471544716,0.6242167919799498,0.6265831938676419,0.6863483011750537,0.7983089783371738,2,financial_only,xgboost,stratified,305,77
0.6363636363636364,0.581353767560664,0.6164630325814536,0.5692189006750241,0.6653668799859735,0.7770726227963071,2,financial_enriched,logistic_regression,stratified,305,77
0.42857142857142855,0.49344799344799345,0.537359022556391,0.4109090909090909,0.47050767414403777,0.6589163881927039,2,financial_enriched,naive_bayes,stratified,305,77
0.8051948051948052,0.8666666666666667,0.6271146616541353,0.6386375062845651,0.7829866212219154,0.8750361193735254,2,financial_enriched,random_forest,stratified,305,77
0.7922077922077922,0.7323817323817323,0.7332393483709273,0.7326984126984127,0.7923809523809524,0.8807751024386362,2,financial_enriched,xgboost,stratified,305,77
0.6363636363636364,0.5779949874686716,0.6503759398496242,0.5914786967418547,0.6402369560264296,0.7953222877095057,2,esg_only,logistic_regression,stratified,305,77
0.5454545454545454,0.5109243697478991,0.606437969924812,0.44410220814715196,0.4723242138972476,0.7342488547375764,2,esg_only,naive_bayes,stratified,305,77
0.6753246753246753,0.7773826458036984,0.5716635338345865,0.6072124756335283,0.6681096681096681,0.7830990498988619,2,esg_only,random_forest,stratified,305,77
0.6493506493506493,0.6362934362934363,0.5913220551378446,0.6075375554232015,0.6484830436587434,0.7587258745153482,2,esg_only,xgboost,stratified,305,77
0.6753246753246753,0.5961111111111111,0.6394893483709273,0.6041385515069725,0.6784443626548889,0.8342118077550408,2,esg_financial,logistic_regression,stratified,305,77
0.38961038961038963,0.4649572649572649,0.462327694235589,0.3330905921230477,0.39298992330223187,0.7146858293474835,2,esg_financial,naive_bayes,stratified,305,77
0.7272727272727273,0.8166666666666668,0.6116854636591479,0.6445966514459665,0.7191286643341438,0.8627523479027239,2,esg_financial,random_forest,stratified,305,77
0.6883116883116883,0.7045223577235772,0.6159931077694236,0.6452939202148062,0.6846352726674936,0.8310828582445123,2,esg_financial,xgboost,stratified,305,77
0.5974025974025974,0.5083943833943834,0.5414317042606517,0.5097402597402597,0.6034744476302918,0.8176501426031502,2,esg_financial_enriched,logistic_regression,stratified,305,77
0.5064935064935064,0.5347222222222222,0.5850563909774437,0.443368321417102,0.5097328511962658,0.7151483332874311,2,esg_financial_enriched,naive_bayes,stratified,305,77
0.7532467532467533,0.830488383119962,0.6275845864661654,0.6616238664293584,0.7441495702365267,0.904361053350715,2,esg_financial_enriched,random_forest,stratified,305,77
0.7792207792207793,0.7674242424242425,0.6823308270676692,0.7100233100233101,0.7740623013350286,0.8876927896664739,2,esg_financial_enriched,xgboost,stratified,305,77
0.5066666666666667,0.5755153343388638,0.5925925925925927,0.47267025089605735,0.5623118279569892,0.7245105940758115,2,financial_only,logistic_regression,grouped,307,75
0.3333333333333333,0.5370370370370371,0.47138047138047146,0.33607317687807964,0.39041966253277355,0.6949695500420138,2,financial_only,naive_bayes,grouped,307,75
0.6533333333333333,0.7669376693766937,0.5185185185185185,0.5425685425685426,0.6403463203463203,0.7846083733764893,2,financial_only,random_forest,grouped,307,75
0.6533333333333333,0.6049288617886179,0.5176767676767676,0.5324841824841825,0.6409310689310689,0.761212351792062,2,financial_only,xgboost,grouped,307,75
0.5733333333333334,0.5503907032658786,0.5496632996632996,0.5029069213320372,0.6192051238062561,0.8159927833840878,2,financial_enriched,logistic_regression,grouped,307,75
0.38666666666666666,0.5019323671497584,0.4604377104377104,0.3685799284914981,0.4469676574142307,0.6947970172607855,2,financial_enriched,naive_bayes,grouped,307,75
0.68,0.7829153605015674,0.5816498316498316,0.6233870967741936,0.6718709677419354,0.839599142135374,2,financial_enriched,random_forest,grouped,307,75
0.68,0.7138888888888889,0.6742424242424242,0.6909065593276119,0.6785995291258449,0.838407164494121,2,financial_enriched,xgboost,grouped,307,75
0.5066666666666667,0.47739139515455303,0.5909090909090908,0.46212198593150977,0.5026136340422055,0.7634001800668466,2,esg_only,logistic_regression,grouped,307,75
0.4,0.5258064516129032,0.5580808080808081,0.3499657996737815,0.39311643895680237,0.7626835054371286,2,esg_only,naive_bayes,grouped,307,75
0.64,0.7537537537537538,0.5555555555555555,0.5984126984126984,0.6365714285714287,0.8465948973195351,2,esg_only,random_forest,grouped,307,75
0.6266666666666667,0.6172149122807018,0.5900673400673401,0.601915201915202,0.6251914571914572,0.8032490858577814,2,esg_only,xgboost,grouped,307,75
0.5333333333333333,0.4871530258527163,0.6102693602693603,0.4953548866592345,0.5240133779264214,0.7759047179337034,2,esg_financial,logistic_regression,grouped,307,75
0.32,0.5195189639222942,0.4570707070707071,0.3025600457812263,0.35179371518017943,0.7301097989503788,2,esg_financial,naive_bayes,grouped,307,75
0.72,0.703045903045903,0.6127946127946128,0.6391500283522845,0.714362968931865,0.8941875354918833,2,esg_financial,random_forest,grouped,307,75
0.72,0.6857142857142856,0.6590909090909091,0.670633426225804,0.7192950214656926,0.8468601983094737,2,esg_financial,xgboost,grouped,307,75
0.6,0.5679361004136357,0.6574074074074074,0.5371933621933622,0.5952251082251082,0.816270417719693,2,esg_financial_enriched,logistic_regression,grouped,307,75
0.4266666666666667,0.5527065527065527,0.4873737373737374,0.39259259259259255,0.48088888888888887,0.7260951608777694,2,esg_financial_enriched,naive_bayes,grouped,307,75
0.7733333333333333,0.8434303697875688,0.696127946127946,0.7406204906204906,0.7698268398268399,0.9061234659060746,2,esg_financial_enriched,random_forest,grouped,307,75
0.7733333333333333,0.8437328954570334,0.7415824915824917,0.7789357595809209,0.7719900744416873,0.8806861415557069,2,esg_financial_enriched,xgboost,grouped,307,75
0.4155844155844156,0.5363214021750607,0.4913847117794487,0.4032608695652174,0.4792819499341238,0.666465117310982,3,financial_only,logistic_regression,stratified,305,77
0.23376623376623376,0.4205627705627705,0.39920112781954886,0.23823366555924697,0.2579029497634149,0.5889510482555594,3,financial_only,naive_bayes,stratified,305,77
0.5844155844155844,0.5325611325611326,0.5053258145363408,0.5143934881874132,0.5821982266294357,0.7588901951918868,3,financial_only,random_forest,stratified,305,77
0.5844155844155844,0.5409035409035409,0.6152882205513784,0.5606606606606607,0.5872118872118872,0.758574052653,3,financial_only,xgboost,stratified,305,77
0.5064935064935064,0.44682539682539685,0.48002819548872183,0.45509376623175263,0.5139621640772883,0.6342482809588073,3,financial_enriched,logistic_regression,stratified,305,77
0.2597402597402597,0.40377928949357517,0.4200344611528822,0.261984126984127,0.2797835497835498,0.6541603933521227,3,financial_enriched,naive_bayes,stratified,305,77
0.6493506493506493,0.5496031746031745,0.5103383458646616,0.5166666666666666,0.6357142857142858,0.8131505981834929,3,financial_enriched,random_forest,stratified,305,77
0.6233766233766234,0.5878489326765188,0.5671992481203008,0.5755674653215637,0.6203378588624491,0.7879376784451972,3,financial_enriched,xgboost,stratified,305,77
0.4805194805194805,0.41421568627450983,0.41870300751879697,0.3974358974358975,0.49134199134199136,0.6504333751044278,3,esg_only,logistic_regression,stratified,305,77
0.14285714285714285,0.3147605083088954,0.29401629072681706,0.13976798448848138,0.13992376547833513,0.554168694018318,3,esg_only,naive_bayes,stratified,305,77
0.6753246753246753,0.6598581560283687,0.6022869674185464,0.6203302373581011,0.6678983555144545,0.8014344947380664,3,esg_only,random_forest,stratified,305,77
0.6493506493506493,0.5788327526132404,0.5863878446115288,0.5807313642756681,0.6493944873691709,0.7488870795731698,3,esg_only,xgboost,stratified,305,77
0.5064935064935064,0.44838738259790895,0.4395363408521303,0.4246554246554246,0.5321405321405321,0.6879310608633918,3,esg_financial,logistic_regression,stratified,305,77
0.2857142857142857,0.5568086883876359,0.47313596491228066,0.2888410931174089,0.3190608733371892,0.5555073198870192,3,esg_financial,naive_bayes,stratified,305,77
0.7012987012987013,0.6883387513545053,0.5859179197994987,0.6106995884773663,0.6911656244989578,0.8328671954611804,3,esg_financial,random_forest,stratified,305,77
0.6363636363636364,0.5333914053426249,0.537124060150376,0.5336146272855133,0.6359142966737903,0.7899559835180137,3,esg_financial,xgboost,stratified,305,77
0.5454545454545454,0.4503875968992248,0.4658521303258145,0.45174119030328175,0.5406876555335939,0.7083996239071428,3,esg_financial_enriched,logistic_regression,stratified,305,77
0.2987012987012987,0.5654761904761905,0.48355263157894735,0.30484330484330485,0.33788433788433786,0.6224461489499084,3,esg_financial_enriched,naive_bayes,stratified,305,77
0.7272727272727273,0.7066942719116632,0.6018170426065163,0.6253968253968254,0.7129251700680272,0.8920017917198368,3,esg_financial_enriched,random_forest,stratified,305,77
0.6493506493506493,0.5734067663257277,0.5475407268170426,0.5568950505659367,0.6432942183394262,0.8325284556017639,3,esg_financial_enriched,xgboost,stratified,305,77
0.44155844155844154,0.5843904157857646,0.5878048780487805,0.42554799697656837,0.5072297317195276,0.7488343039458764,3,financial_only,logistic_regression,grouped,305,77
0.23376623376623376,0.3900226757369614,0.4517615176151762,0.2336749851455734,0.2348837882260342,0.6438037603081055,3,financial_only,naive_bayes,grouped,305,77
0.6233766233766234,0.6339438339438339,0.5417344173441734,0.568019943019943,0.6218198468198468,0.7777294163412116,3,financial_only,random_forest,grouped,305,77
0.5974025974025974,0.5189068100358423,0.5195121951219512,0.5191256830601092,0.5981122702434177,0.7693686944361202,3,financial_only,xgboost,grouped,305,77
0.4935064935064935,0.5125159642401022,0.5314363143631436,0.44589947089947096,0.5457946815089673,0.7323624771558874,3,financial_enriched,logistic_regression,grouped,305,77
0.3246753246753247,0.47915077548944823,0.5146341463414634,0.32515822003692624,0.36203534624789924,0.7428642246915927,3,financial_enriched,naive_bayes,grouped,305,77
0.6883116883116883,0.4605197401299351,0.4845528455284553,0.4715890642249497,0.6661505258816773,0.8613386047705248,3,financial_enriched,random_forest,grouped,305,77
0.7012987012987013,0.6584249084249084,0.6794037940379404,0.6663326869209222,0.6979465912239022,0.8058723750757636,3,financial_enriched,xgboost,grouped,305,77
0.6363636363636364,0.5943562610229277,0.6357723577235772,0.6105424203077976,0.6353412870307515,0.7777163142223772,3,esg_only,logistic_regression,grouped,305,77
0.07792207792207792,0.19014084507042253,0.2888888888888889,0.06412337662337662,0.03447039973013999,0.66602359355928,3,esg_only,naive_bayes,grouped,305,77
0.5454545454545454,0.6806763285024156,0.42764227642276426,0.4542419266557198,0.5338323417141151,0.690658676539817,3,esg_only,random_forest,grouped,305,77
0.5714285714285714,0.545751633986928,0.5002710027100271,0.5166666666666667,0.5720779220779221,0.694273250643804,3,esg_only,xgboost,grouped,305,77
0.6233766233766234,0.5614133833646028,0.624661246612466,0.5810104529616724,0.62430426716141,0.7960278788183947,3,esg_financial,logistic_regression,grouped,305,77
0.24675324675324675,0.4171075837742504,0.40352303523035227,0.24514374514374515,0.2865316501680138,0.6508055705120033,3,esg_financial,naive_bayes,grouped,305,77
0.6753246753246753,0.7712842712842712,0.5742547425474255,0.6167208516606107,0.6717109625887594,0.7879428766568157,3,esg_financial,random_forest,grouped,305,77
0.5974025974025974,0.6053639846743294,0.510569105691057,0.5388983780785122,0.5910208566889688,0.7594519605669535,3,esg_financial,xgboost,grouped,305,77
0.6363636363636364,0.5515873015873015,0.5883468834688347,0.5641549595572584,0.6405466819259923,0.7781166056091687,3,esg_financial_enriched,logistic_regression,grouped,305,77
0.2857142857142857,0.4672364672364672,0.43089430894308944,0.283292227030884,0.337531796696951,0.716129175251397,3,esg_financial_enriched,naive_bayes,grouped,305,77
0.7142857142857143,0.69017094017094,0.5926829268292683,0.6201920218774151,0.7019414507375984,0.8681513343452284,3,esg_financial_enriched,random_forest,grouped,305,77
0.6883116883116883,0.6268518518518519,0.6653116531165311,0.6392272671342439,0.681997957745466,0.8413401491421767,3,esg_financial_enriched,xgboost,grouped,305,77
0.38961038961038963,0.46688963210702344,0.4705513784461153,0.3717312951476825,0.43630758468264724,0.6454310570381999,4,financial_only,logistic_regression,stratified,305,77
0.2077922077922078,0.36229643372500514,0.3460996240601504,0.20654962321628986,0.21370632734269096,0.6035157911567686,4,financial_only,naive_bayes,stratified,305,77
0.6883116883116883,0.4822055137844612,0.5027412280701754,0.49201361612987693,0.6749370032952122,0.7803619052209276,4,financial_only,random_forest,stratified,305,77
0.6883116883116883,0.47977470558115715,0.4994517543859649,0.48888888888888893,0.6718614718614718,0.7339642987199378,4,financial_only,xgboost,stratified,305,77
0.5194805194805194,0.5044137224782386,0.4888001253132832,0.4579060705496308,0.5642259196914652,0.6967447235304377,4,financial_enriched,logistic_regression,stratified,305,77
0.2857142857142857,0.44050663743758367,0.3226817042606516,0.2876050274972108,0.3547838376486817,0.5697507753663769,4,financial_enriched,naive_bayes,stratified,305,77
0.7922077922077922,0.8595254874324642,0.6166979949874687,0.6298353909465021,0.7694965528298862,0.8601858259048109,4,financial_enriched,random_forest,stratified,305,77
0.7012987012987013,0.6123456790123457,0.5826284461152883,0.5908606176116896,0.6903944194121854,0.7928976325122942,4,financial_enriched,xgboost,stratified,305,77
0.6233766233766234,0.5625676827722864,0.6027568922305764,0.5539393939393938,0.6405824478551752,0.7961842181766995,4,esg_only,logistic_regression,stratified,305,77
0.16883116883116883,0.5671497584541063,0.39089912280701755,0.1650579938217637,0.15685082534182027,0.6904242826235308,4,esg_only,naive_bayes,stratified,305,77
0.6883116883116883,0.6304012345679012,0.5350093984962406,0.5445772930991694,0.6666041005812389,0.8601866961359442,4,esg_only,random_forest,stratified,305,77
0.6623376623376623,0.6089931573802541,0.5191102756892231,0.5296167247386759,0.6451674535298229,0.8271061506023912,4,esg_only,xgboost,stratified,305,77
0.6233766233766234,0.5754385964912281,0.6383145363408521,0.5620782726045884,0.6353646353646353,0.8005438083915527,4,esg_financial,logistic_regression,stratified,305,77
0.2987012987012987,0.5416666666666666,0.4819078947368421,0.30056980056980054,0.3355533355533355,0.6158927538626786,4,esg_financial,naive_bayes,stratified,305,77
0.6623376623376623,0.5572808833678399,0.5158208020050125,0.5206349206349207,0.6435374149659863,0.8458495425835652,4,esg_financial,random_forest,stratified,305,77
0.6623376623376623,0.525,0.5125313283208021,0.5095976375046142,0.6428427607829601,0.8065602804324609,4,esg_financial,xgboost,stratified,305,77
0.6363636363636364,0.5435897435897435,0.5710369674185464,0.5435286935286935,0.6421816278959137,0.7880619780525796,4,esg_financial_enriched,logistic_regression,stratified,305,77
0.2597402597402597,0.4419753086419753,0.3762531328320802,0.2596762552840499,0.3028717647956745,0.6016354416260431,4,esg_financial_enriched,naive_bayes,stratified,305,77
0.7532467532467533,0.8287306201550387,0.6242951127819548,0.6593364197530863,0.7412217412217412,0.8869378115618719,4,esg_financial_enriched,random_forest,stratified,305,77
0.7272727272727273,0.6566137566137566,0.6018170426065163,0.616526712912255,0.7144327012892183,0.842976928738207,4,esg_financial_enriched,xgboost,stratified,305,77
0.45454545454545453,0.4991820464966245,0.5543981481481481,0.4371688247885743,0.476364566058218,0.7641107391466072,4,financial_only,logistic_regression,grouped,305,77
0.2857142857142857,0.46238095238095234,0.4618055555555556,0.28446176081178054,0.2780215448721558,0.627034845103353,4,financial_only,naive_bayes,grouped,305,77
0.7142857142857143,0.70840108401084,0.6516203703703703,0.6667773626677737,0.7097798838770196,0.7910635527923907,4,financial_only,random_forest,grouped,305,77
0.6883116883116883,0.7334229390681003,0.6585648148148148,0.6825594250967386,0.687514806917792,0.7809574100642968,4,financial_only,xgboost,grouped,305,77
0.6363636363636364,0.6323076923076923,0.6967592592592592,0.6110711247791664,0.6598316948379109,0.8569095727721981,4,financial_enriched,logistic_regression,grouped,305,77
0.38961038961038963,0.528030303030303,0.48726851851851843,0.38650735422562277,0.41864162459487897,0.681310112120729,4,financial_enriched,naive_bayes,grouped,305,77
0.8181818181818182,0.8793191056910569,0.7291666666666666,0.7634145333581271,0.8122819968106028,0.9250823635687336,4,financial_enriched,random_forest,grouped,305,77
0.7922077922077922,0.809134765017118,0.7615740740740741,0.7811447811447811,0.7917158598976781,0.89002470907062,4,financial_enriched,xgboost,grouped,305,77
0.5324675324675324,0.5027949776401789,0.4849537037037037,0.47445887445887447,0.5604261539326474,0.7042231255645889,4,esg_only,logistic_regression,grouped,305,77
0.22077922077922077,0.4900153609831029,0.3587962962962963,0.2288978627006796,0.2359254062199005,0.5723891080822573,4,esg_only,naive_bayes,grouped,305,77
0.6363636363636364,0.5945121951219513,0.5324074074074074,0.5446636696636696,0.6235842079997924,0.7570874183006536,4,esg_only,random_forest,grouped,305,77
0.6233766233766234,0.6145833333333334,0.5497685185185185,0.5688439849624061,0.6167366468118348,0.7366119347467984,4,esg_only,xgboost,grouped,305,77
0.5194805194805194,0.4749999999999999,0.4479166666666667,0.4476190476190476,0.5411873840445268,0.7269740687602955,4,esg_financial,logistic_regression,grouped,305,77
0.33766233766233766,0.5856227106227107,0.4976851851851852,0.3419675562532705,0.36695549348610573,0.615335399064775,4,esg_financial,naive_bayes,grouped,305,77
0.6623376623376623,0.6131221719457013,0.5532407407407408,0.5647863247863247,0.6496436896436897,0.8319894455072001,4,esg_financial,random_forest,grouped,305,77
0.6753246753246753,0.6244019138755981,0.5891203703703703,0.600970200970201,0.6690930690930692,0.8108889287422286,4,esg_financial,xgboost,grouped,305,77
0.6363636363636364,0.58468720821662,0.5868055555555555,0.5738636363636364,0.6581070444706808,0.8037515277113556,4,esg_financial_enriched,logistic_regression,grouped,305,77
0.37662337662337664,0.5786647992530346,0.5289351851851852,0.3832125603864734,0.4119706380575946,0.6657736197460014,4,esg_financial_enriched,naive_bayes,grouped,305,77
0.7792207792207793,0.6949874686716792,0.6412037037037037,0.6495588585140825,0.7628595688297181,0.905602715340879,4,esg_financial_enriched,random_forest,grouped,305,77
0.7272727272727273,0.6887334887334887,0.6284722222222222,0.6454212454212455,0.7182246325103468,0.8852373266379722,4,esg_financial_enriched,xgboost,grouped,305,77
0.5194805194805194,0.5584843830005121,0.6135651629072681,0.4965804341361879,0.5588470405597971,0.714849930075494,5,financial_only,logistic_regression,stratified,305,77
0.2987012987012987,0.45885964912280697,0.45457393483709274,0.29950195181047246,0.3219919130539671,0.6379287083704377,5,financial_only,naive_bayes,stratified,305,77
0.6363636363636364,0.7556193208990915,0.5453477443609022,0.580416032470827,0.631283480598549,0.7810727884271117,5,financial_only,random_forest,stratified,305,77
0.6103896103896104,0.6124999999999999,0.5650062656641605,0.5798941798941799,0.6096268810554525,0.7356788835642218,5,financial_only,xgboost,stratified,305,77
0.5454545454545454,0.5423015873015874,0.6327537593984963,0.5189068100358423,0.5679269655076106,0.8045584045584045,5,financial_enriched,logistic_regression,stratified,305,77
0.2987012987012987,0.4521276595744681,0.41408208020050125,0.2999762583095917,0.3365985865985866,0.6131351730975791,5,financial_enriched,naive_bayes,stratified,305,77
0.7272727272727273,0.6047385620915033,0.5695488721804511,0.574048174048174,0.7126994217903309,0.8470806614368644,5,financial_enriched,random_forest,stratified,305,77
0.6883116883116883,0.6654282765737873,0.6209273182957394,0.635978835978836,0.6868480725623582,0.7922345737665286,5,financial_enriched,xgboost,stratified,305,77
0.5324675324675324,0.4752688172043011,0.5025062656641605,0.47278164669469014,0.550583678195197,0.7181278325545243,5,esg_only,logistic_regression,stratified,305,77
0.4935064935064935,0.42808686841989346,0.5325031328320802,0.3976872800402212,0.4425966190672073,0.6976009735878157,5,esg_only,naive_bayes,stratified,305,77
0.6103896103896104,0.4064327485380117,0.4468201754385965,0.42510822510822505,0.5826277618485411,0.7502457972617748,5,esg_only,random_forest,stratified,305,77
0.6493506493506493,0.4433285509325682,0.47478070175438597,0.4585091420534459,0.6268836648583483,0.7112001615761013,5,esg_only,xgboost,stratified,305,77
0.5064935064935064,0.4519230769230769,0.48331766917293234,0.45625,0.5181818181818183,0.7369912494912495,5,esg_financial,logistic_regression,stratified,305,77
0.2077922077922078,0.3499650593990216,0.3428101503759398,0.2123280666768932,0.228250887017569,0.6365342729534459,5,esg_financial,naive_bayes,stratified,305,77
0.6233766233766234,0.41960252935862696,0.4572368421052631,0.4351474762433667,0.5972775835789534,0.7805401209066622,5,esg_financial,random_forest,stratified,305,77
0.6883116883116883,0.6302161890397184,0.5787907268170426,0.5945165945165946,0.6818462922359027,0.7940331024447566,5,esg_financial,xgboost,stratified,305,77
0.6103896103896104,0.5476121282572896,0.5633615288220551,0.5501207729468599,0.6160596649727084,0.8260159326888651,5,esg_financial_enriched,logistic_regression,stratified,305,77
0.2857142857142857,0.38703703703703707,0.3970864661654135,0.2814484366208504,0.3180158399594136,0.6361232560950606,5,esg_financial_enriched,naive_bayes,stratified,305,77
0.7532467532467533,0.6702534672405548,0.5870927318295739,0.5949793291565443,0.734741795731439,0.8870424974983245,5,esg_financial_enriched,random_forest,stratified,305,77
0.7532467532467533,0.7058275058275058,0.6631422305764411,0.6796203796203798,0.7497476549424602,0.8390288335307132,5,esg_financial_enriched,xgboost,stratified,305,77
0.45454545454545453,0.5547292143401984,0.611111111111111,0.43475536419958966,0.5161594416620038,0.7090108401084011,5,financial_only,logistic_regression,grouped,305,77
0.2597402597402597,0.4411421911421911,0.47222222222222215,0.26528804280204055,0.3014611965115885,0.6527777777777778,5,financial_only,naive_bayes,grouped,305,77
0.6753246753246753,0.5594326241134752,0.5388888888888889,0.5371387188096649,0.6728698913174521,0.7267050587172538,5,financial_only,random_forest,grouped,305,77
0.6233766233766234,0.4984051036682615,0.5018518518518519,0.4990444990444991,0.626758990395354,0.7257904245709123,5,financial_only,xgboost,grouped,305,77
0.4935064935064935,0.46878306878306875,0.46666666666666673,0.4216524216524216,0.5294705294705295,0.7211607949412828,5,financial_enriched,logistic_regression,grouped,305,77
0.33766233766233766,0.546590909090909,0.5277777777777778,0.3407479045776918,0.40473259815619583,0.662962962962963,5,financial_enriched,naive_bayes,grouped,305,77
0.7662337662337663,0.6850789096126255,0.6037037037037037,0.6216450216450217,0.7568898633833698,0.8336720867208672,5,financial_enriched,random_forest,grouped,305,77
0.6623376623376623,0.5251322751322751,0.5296296296296296,0.5268293261251008,0.665729916690224,0.7417795844625114,5,financial_enriched,xgboost,grouped,305,77
0.4805194805194805,0.41870370370370374,0.45740740740740743,0.40927226992800764,0.4973590032138041,0.7064363143631437,5,esg_only,logistic_regression,grouped,305,77
0.12987012987012986,0.45714285714285713,0.3796296296296296,0.12702895450007132,0.12449082795680999,0.6661472448057815,5,esg_only,naive_bayes,grouped,305,77
0.6103896103896104,0.6291187739463601,0.5499999999999999,0.5735042735042736,0.6030969030969031,0.7552280939476063,5,esg_only,random_forest,grouped,305,77
0.5324675324675324,0.5226244343891402,0.49444444444444446,0.5062433862433863,0.5311234796949083,0.7179765130984643,5,esg_only,xgboost,grouped,305,77
0.5454545454545454,0.4847222222222222,0.561111111111111,0.4813947436898256,0.5601751878098482,0.7355691056910568,5,esg_financial,logistic_regression,grouped,305,77
0.2597402597402597,0.583804143126177,0.47222222222222215,0.27033730158730157,0.3162685528756957,0.6995257452574526,5,esg_financial,naive_bayes,grouped,305,77
0.7142857142857143,0.8043998087039693,0.6240740740740741,0.6701298701298701,0.7098667566200034,0.8105465221318879,5,esg_financial,random_forest,grouped,305,77
0.6493506493506493,0.5786519800681877,0.5777777777777778,0.5760547909801641,0.6469339925436068,0.7948057813911472,5,esg_financial,xgboost,grouped,305,77
0.6103896103896104,0.5424242424242424,0.6074074074074073,0.5295220810647309,0.6219270747401419,0.7590560072267389,5,esg_financial_enriched,logistic_regression,grouped,305,77
0.2987012987012987,0.5789141414141414,0.5,0.30158730158730157,0.3559059987631416,0.698780487804878,5,esg_financial_enriched,naive_bayes,grouped,305,77
0.7922077922077922,0.75359477124183,0.6796296296296296,0.7045112781954886,0.7868469875988673,0.8632678410117435,5,esg_financial_enriched,random_forest,grouped,305,77
0.7272727272727273,0.6328173374613003,0.6333333333333334,0.6326898326898327,0.7263701549415835,0.8419602529358627,5,esg_financial_enriched,xgboost,grouped,305,77
0.44155844155844154,0.5741901381862116,0.512218045112782,0.43154015992361855,0.5168632388020142,0.709957395013786,6,financial_only,logistic_regression,stratified,305,77
0.2987012987012987,0.4989106753812636,0.4868421052631579,0.3027784848348731,0.32564681788333094,0.641264505127287,6,financial_only,naive_bayes,stratified,305,77
0.5584415584415584,0.38901098901098896,0.41173245614035087,0.39809634060068166,0.5432946370627251,0.7283534978318813,6,financial_only,random_forest,stratified,305,77
0.5064935064935064,0.3601029601029601,0.37006578947368424,0.36470978441127694,0.5004173935517219,0.6832703515504267,6,financial_only,xgboost,stratified,305,77
0.4675324675324675,0.47702659659181396,0.5297619047619048,0.43860930735930737,0.5003394332939787,0.7584623188006647,6,financial_enriched,logistic_regression,stratified,305,77
0.35064935064935066,0.5121031746031747,0.5219298245614036,0.35216981599960323,0.3923882693708613,0.6522446990492102,6,financial_enriched,naive_bayes,stratified,305,77
0.6233766233766234,0.5839311334289814,0.49443922305764404,0.5056045688957082,0.609504547364156,0.7949962761757874,6,financial_enriched,random_forest,stratified,305,77
0.5844155844155844,0.484984984984985,0.46812343358395986,0.47093285799168155,0.575897400282427,0.7680572386399455,6,financial_enriched,xgboost,stratified,305,77
0.5064935064935064,0.44744705446138405,0.44282581453634084,0.4307832422586521,0.5349159037683628,0.6948460895829317,6,esg_only,logistic_regression,stratified,305,77
0.37662337662337664,0.4518518518518519,0.5279605263157895,0.3152337858220211,0.35373450079332436,0.6933113748198335,6,esg_only,naive_bayes,stratified,305,77
0.6753246753246753,0.7763285024154589,0.5262374686716792,0.5416026625704045,0.6534452490673688,0.803924379018364,6,esg_only,random_forest,stratified,305,77
0.6363636363636364,0.537217637742769,0.4982769423558897,0.5040564373897707,0.621218992647564,0.7651595984772676,6,esg_only,xgboost,stratified,305,77
0.4935064935064935,0.4461988304093567,0.4340538847117794,0.42252388134741076,0.5272531390178449,0.7199560829730003,6,esg_financial,logistic_regression,stratified,305,77
0.3246753246753247,0.49985791418016484,0.49451754385964913,0.2934183961883227,0.328327587780063,0.7047587202897354,6,esg_financial,naive_bayes,stratified,305,77
0.6883116883116883,0.7894736842105262,0.5415883458646616,0.5567669172932331,0.6724489795918367,0.7924998125656019,6,esg_financial,random_forest,stratified,305,77
0.6883116883116883,0.556015037593985,0.5399436090225563,0.5426694279797186,0.6790604239722285,0.7785777210119315,6,esg_financial,xgboost,stratified,305,77
0.6103896103896104,0.5622534597362973,0.631187343358396,0.5565986524890634,0.6267070414019356,0.7827658087526509,6,esg_financial_enriched,logistic_regression,stratified,305,77
0.33766233766233766,0.478418267891952,0.5082236842105263,0.3283768363999429,0.3665135677330799,0.7028572557003008,6,esg_financial_enriched,naive_bayes,stratified,305,77
0.6883116883116883,0.7857646229739252,0.5382988721804511,0.5538619816397594,0.6690044523377856,0.8856547848559128,6,esg_financial_enriched,random_forest,stratified,305,77
0.7142857142857143,0.6791666666666667,0.6351817042606517,0.6522435897435898,0.7107892107892109,0.8643723740058328,6,esg_financial_enriched,xgboost,stratified,305,77
0.48148148148148145,0.5266769073220686,0.5394179894179895,0.4498164014687882,0.5246006920833522,0.6591643369133964,6,financial_only,logistic_regression,grouped,301,81
0.41975308641975306,0.5596615652606695,0.5708994708994709,0.41867512332628615,0.4672904758176075,0.692476682334096,6,financial_only,naive_bayes,grouped,301,81
0.5802469135802469,0.7076362076362077,0.4886243386243387,0.5196581196581197,0.58005698005698,0.7475816872352009,6,financial_only,random_forest,grouped,301,81
0.5679012345679012,0.5771929824561404,0.5154761904761904,0.5323297853418335,0.5746317740962988,0.7035974801741149,6,financial_only,xgboost,grouped,301,81
0.5061728395061729,0.48075127486892194,0.5542328042328043,0.46467194472725804,0.5275693024514072,0.7238528177896663,6,financial_enriched,logistic_regression,grouped,301,81
0.41975308641975306,0.5014094432699084,0.5619047619047618,0.40489176222275436,0.4551941553209722,0.637813293504543,6,financial_enriched,naive_bayes,grouped,301,81
0.654320987654321,0.7492063492063492,0.5330687830687831,0.5654683296649547,0.6439372118511272,0.8027718517789165,6,financial_enriched,random_forest,grouped,301,81
0.6172839506172839,0.6505952380952381,0.5658730158730159,0.5964492496750562,0.6155377875807984,0.7848286185934444,6,financial_enriched,xgboost,grouped,301,81
0.5555555555555556,0.5056818181818182,0.5378306878306878,0.5001537624488445,0.5781082575253795,0.7194825949614726,6,esg_only,logistic_regression,grouped,301,81
0.1728395061728395,0.3993930905695611,0.3615079365079365,0.1782964197824879,0.16363243453026732,0.6532689139269938,6,esg_only,naive_bayes,grouped,301,81
0.6049382716049383,0.6494601889338733,0.5466931216931217,0.5706707426721812,0.609953356821426,0.7763051252748561,6,esg_only,random_forest,grouped,301,81
0.6049382716049383,0.6159270725834193,0.6404761904761904,0.6242045982792651,0.6095775328455574,0.7376550693349464,6,esg_only,xgboost,grouped,301,81
0.5679012345679012,0.5050349889059566,0.5407407407407407,0.5098568865047207,0.5840535507829921,0.7527783893712501,6,esg_financial,logistic_regression,grouped,301,81
0.38271604938271603,0.553688141923436,0.49642857142857144,0.36902233512403004,0.43857828038618996,0.6779817385026886,6,esg_financial,naive_bayes,grouped,301,81
0.654320987654321,0.7584727584727585,0.5465608465608466,0.5734158561744769,0.6502799882110227,0.8464103375859214,6,esg_financial,random_forest,grouped,301,81
0.6419753086419753,0.6424603174603174,0.5986772486772487,0.6135076252723312,0.6482230752383258,0.8089362923213187,6,esg_financial,xgboost,grouped,301,81
0.5308641975308642,0.4469240205674314,0.4662698412698412,0.45374800637958534,0.5356784216433339,0.7233213962443451,6,esg_financial_enriched,logistic_regression,grouped,301,81
0.32098765432098764,0.4259259259259259,0.4548941798941799,0.30938457254246726,0.3534762833008447,0.6472105411667745,6,esg_financial_enriched,naive_bayes,grouped,301,81
0.7654320987654321,0.826923076923077,0.6429894179894179,0.68582734562116,0.7539696314037666,0.8722224919311447,6,esg_financial_enriched,random_forest,grouped,301,81
0.7407407407407407,0.7446153846153848,0.6579365079365079,0.6886889588643975,0.7345688268365331,0.8548778112216842,6,esg_financial_enriched,xgboost,grouped,301,81
0.4155844155844156,0.47115009746588693,0.5220081453634086,0.37607205483819545,0.43041731104858794,0.6979187035812976,7,financial_only,logistic_regression,stratified,305,77
0.2987012987012987,0.3986111111111111,0.44306077694235596,0.2945156695156695,0.3268953268953269,0.6437343262766194,7,financial_only,naive_bayes,stratified,305,77
0.6753246753246753,0.5684640522875818,0.5311716791979949,0.5367521367521367,0.6622044622044622,0.8157943794926877,7,financial_only,random_forest,stratified,305,77
0.6493506493506493,0.5746697746697746,0.5491854636591479,0.5586635586635587,0.644961099506554,0.7807714015655746,7,financial_only,xgboost,stratified,305,77
0.4935064935064935,0.5091089466089466,0.5068139097744361,0.444930695282808,0.5309920126821535,0.7463265918153136,7,financial_enriched,logistic_regression,stratified,305,77
0.3116883116883117,0.4002034070683956,0.45018796992481197,0.29982044877774766,0.33856823565228367,0.6622949505938228,7,financial_enriched,naive_bayes,stratified,305,77
0.6623376623376623,0.4387755102040816,0.4769736842105263,0.45287356321839073,0.6237348858038513,0.8543321635896824,7,financial_enriched,random_forest,stratified,305,77
0.7272727272727273,0.7360440150295222,0.6406641604010025,0.6697116442879154,0.7190940250592462,0.8196465484529393,7,financial_enriched,xgboost,stratified,305,77
0.5584415584415584,0.47650199263102494,0.4828477443609023,0.4719129592369029,0.5761036638300219,0.7042181059333315,7,esg_only,logistic_regression,stratified,305,77
0.15584415584415584,0.47875816993464054,0.3821271929824561,0.1496681096681097,0.13307696632371957,0.6479916882407484,7,esg_only,naive_bayes,stratified,305,77
0.6363636363636364,0.5912698412698413,0.5354793233082707,0.5510648655226968,0.6253073687903918,0.7771386742956291,7,esg_only,random_forest,stratified,305,77
0.5974025974025974,0.5647502903600464,0.5835682957393483,0.5722925457102672,0.5936106088004822,0.7474232647399939,7,esg_only,xgboost,stratified,305,77
0.5324675324675324,0.47406162464985996,0.4992167919799499,0.46625410558359365,0.551371423577624,0.7177303855640321,7,esg_financial,logistic_regression,stratified,305,77
0.3246753246753247,0.532967032967033,0.49616228070175444,0.3041431261770245,0.3417712231271553,0.6631296743843736,7,esg_financial,naive_bayes,stratified,305,77
0.7272727272727273,0.7053571428571428,0.6051065162907268,0.6291666666666667,0.7168831168831169,0.8224369493636411,7,esg_financial,random_forest,stratified,305,77
0.7012987012987013,0.6135361552028219,0.6214755639097744,0.6146892655367232,0.6988333700198107,0.8022443643449281,7,esg_financial,xgboost,stratified,305,77
0.5584415584415584,0.4711278195488722,0.4779135338345865,0.4640768588137009,0.5721120984278879,0.7302775214899274,7,esg_financial_enriched,logistic_regression,stratified,305,77
0.3116883116883117,0.4679738562091503,0.487390350877193,0.2927059145644768,0.3235421125543861,0.6922197128964046,7,esg_financial_enriched,naive_bayes,stratified,305,77
0.6883116883116883,0.5833333333333334,0.5722117794486216,0.5742466159994065,0.6787615030690682,0.8701622034328801,7,esg_financial_enriched,random_forest,stratified,305,77
0.7402597402597403,0.6987654320987654,0.6494360902255639,0.66574773670955,0.731525264606743,0.8497509991400968,7,esg_financial_enriched,xgboost,stratified,305,77
0.5061728395061729,0.5558608058608058,0.5646464646464647,0.478767490614792,0.5566407907590688,0.7437274797197951,7,financial_only,logistic_regression,grouped,301,81
0.4074074074074074,0.5894607843137255,0.49621212121212127,0.41,0.48126984126984124,0.6470905035430595,7,financial_only,naive_bayes,grouped,301,81
0.5432098765432098,0.47029114676173495,0.4265151515151515,0.43208201417156644,0.529596685483916,0.7056778808240552,7,financial_only,random_forest,grouped,301,81
0.49382716049382713,0.3919551316400529,0.39141414141414144,0.3910809906291834,0.48889570628191775,0.6563706870464304,7,financial_only,xgboost,grouped,301,81
0.5432098765432098,0.5209876543209876,0.530050505050505,0.4912698412698413,0.5800705467372134,0.7391230632418404,7,financial_enriched,logistic_regression,grouped,301,81
0.41975308641975306,0.5888494877856579,0.5045454545454545,0.4199006248267332,0.4935516712199799,0.7276306471553715,7,financial_enriched,naive_bayes,grouped,301,81
0.691358024691358,0.5555555555555555,0.5388888888888889,0.5396825396825397,0.6760728982951205,0.7993937523694455,7,financial_enriched,random_forest,grouped,301,81
0.654320987654321,0.5451815451815453,0.548989898989899,0.544922913343966,0.6638903656447516,0.7577647366863872,7,financial_enriched,xgboost,grouped,301,81
0.5679012345679012,0.49474715099715105,0.5133838383838384,0.4976672450356661,0.579205849381288,0.7388747284629343,7,esg_only,logistic_regression,grouped,301,81
0.18518518518518517,0.44675925925925924,0.26540404040404036,0.19731578268163633,0.23156153960128664,0.5550803727215354,7,esg_only,naive_bayes,grouped,301,81
0.6296296296296297,0.75,0.49898989898989904,0.5091197361745307,0.6120036830336171,0.7432367372916153,7,esg_only,random_forest,grouped,301,81
0.5802469135802469,0.5042735042735043,0.4621212121212121,0.46602096918552616,0.5681605080339257,0.7192205353456607,7,esg_only,xgboost,grouped,301,81
0.6172839506172839,0.5480457415941288,0.5818181818181818,0.5543261562998405,0.6289540138224349,0.7785819127909006,7,esg_financial,logistic_regression,grouped,301,81
0.38271604938271603,0.5648148148148148,0.40934343434343434,0.38191023535851115,0.47334732104847044,0.6024908217378147,7,esg_financial,naive_bayes,grouped,301,81
0.6666666666666666,0.7731829573934837,0.523989898989899,0.5339389544130183,0.6472389154425364,0.7732926843330284,7,esg_financial,random_forest,grouped,301,81
0.654320987654321,0.5355855855855856,0.5174242424242425,0.5171578801715788,0.6434922538423299,0.7571412842086079,7,esg_financial,xgboost,grouped,301,81
0.654320987654321,0.5982434640522876,0.6454545454545454,0.6038827601124811,0.6687015806635103,0.7683004732704032,7,esg_financial_enriched,logistic_regression,grouped,301,81
0.37037037037037035,0.5445724980299449,0.40277777777777773,0.3708471267294797,0.45466051740561547,0.6448537187219111,7,esg_financial_enriched,naive_bayes,grouped,301,81
0.7407407407407407,0.6617331617331618,0.5775252525252524,0.5811846689895471,0.7202735836882179,0.8289773289752408,7,esg_financial_enriched,random_forest,grouped,301,81
0.691358024691358,0.544702842377261,0.5388888888888889,0.5385645144681289,0.6794814585979244,0.8284572954177031,7,esg_financial_enriched,xgboost,grouped,301,81
0.44155844155844154,0.5156831472620946,0.5527098997493735,0.4289556794656753,0.4852064386948108,0.7048303661320579,8,financial_only,logistic_regression,stratified,305,77
0.2727272727272727,0.4209332855949397,0.43209586466165417,0.2741820132308242,0.2921590299562765,0.6466073895820137,8,financial_only,naive_bayes,stratified,305,77
0.6233766233766234,0.5889724310776944,0.5332863408521303,0.5495226234952262,0.6204266468276431,0.7663175987894033,8,financial_only,random_forest,stratified,305,77
0.6233766233766234,0.6319444444444443,0.5283521303258145,0.5541666666666667,0.6155844155844156,0.730273610231317,8,financial_only,xgboost,stratified,305,77
0.5064935064935064,0.4664246823956442,0.48331766917293234,0.44981272703318215,0.5347270786468241,0.6490275406158864,8,financial_enriched,logistic_regression,stratified,305,77
0.2857142857142857,0.4462316332417116,0.3648182957393484,0.28894520771271465,0.337587271560861,0.5638928670883557,8,financial_enriched,naive_bayes,stratified,305,77
0.7272727272727273,0.8127917833800188,0.5679041353383458,0.5823232323232324,0.7071822117276663,0.8424794338563136,8,financial_enriched,random_forest,stratified,305,77
0.6883116883116883,0.7051378446115288,0.6176378446115288,0.6463376895427171,0.686144249237872,0.7838225562379697,8,financial_enriched,xgboost,stratified,305,77
0.45454545454545453,0.4602326685660019,0.48543233082706766,0.4217958701282922,0.48989766301759935,0.7095124773931164,8,esg_only,logistic_regression,stratified,305,77
0.15584415584415584,0.5710784313725491,0.3465695488721805,0.15376068376068378,0.14374958374958377,0.6545668677952512,8,esg_only,naive_bayes,stratified,305,77
0.7402597402597403,0.7406565656565657,0.6543703007518796,0.6826728826728826,0.7359670632397906,0.8588981611538001,8,esg_only,random_forest,stratified,305,77
0.7142857142857143,0.6750516750516752,0.675673558897243,0.6752625152625152,0.7145387945387947,0.8182519695912553,8,esg_only,xgboost,stratified,305,77
0.4805194805194805,0.46440516005733395,0.5385338345864662,0.45106234761407177,0.5013638399218336,0.7293202194283022,8,esg_financial,logistic_regression,stratified,305,77
0.2727272727272727,0.56454802259887,0.4676535087719298,0.28326745718050067,0.3080095135431104,0.6116365107671498,8,esg_financial,naive_bayes,stratified,305,77
0.7012987012987013,0.688156288156288,0.587562656641604,0.611979065710409,0.6938352595262849,0.8631941001771829,8,esg_financial,random_forest,stratified,305,77
0.6753246753246753,0.5962962962962962,0.5700187969924811,0.5790496378731673,0.6726749667926138,0.8354045312456967,8,esg_financial,xgboost,stratified,305,77
0.5714285714285714,0.4870082815734989,0.5222431077694236,0.48855588855588855,0.5742863197408652,0.6904317608734902,8,esg_financial_enriched,logistic_regression,stratified,305,77
0.2597402597402597,0.5265567765567766,0.38283208020050125,0.2728778467908903,0.3123909906518602,0.5875030410274772,8,esg_financial_enriched,naive_bayes,stratified,305,77
0.7272727272727273,0.8107142857142856,0.6067512531328321,0.6419611344984478,0.7180050463632552,0.8935286170248576,8,esg_financial_enriched,random_forest,stratified,305,77
0.7012987012987013,0.6393483709273183,0.587562656641604,0.6032754885857793,0.6955893495920633,0.8625549871320549,8,esg_financial_enriched,xgboost,stratified,305,77
0.3815789473684211,0.4519230769230769,0.45138888888888884,0.3524492234169654,0.43276740237691,0.6580318638252329,8,financial_only,logistic_regression,grouped,306,76
0.3157894736842105,0.49373164266781283,0.5043859649122807,0.3181927865485817,0.356693350627242,0.6485120452896597,8,financial_only,naive_bayes,grouped,306,76
0.6052631578947368,0.4987100103199175,0.48318713450292394,0.4879851143009038,0.5999202551834131,0.8019048786989403,8,financial_only,random_forest,grouped,306,76
0.6447368421052632,0.5771848924022837,0.5981359649122807,0.5751662971175165,0.6455245652934998,0.8188602705677671,8,financial_only,xgboost,grouped,306,76
0.5394736842105263,0.5588933873144399,0.5180921052631579,0.46432119725837895,0.5763912469345406,0.7462148349592083,8,financial_enriched,logistic_regression,grouped,306,76
0.35526315789473684,0.4755199049316696,0.5290570175438597,0.34898774983881364,0.3989127557772574,0.6527233373255706,8,financial_enriched,naive_bayes,grouped,306,76
0.7236842105263158,0.7099442702890979,0.6122076023391813,0.6406178269432968,0.7168465946954552,0.8601006259918137,8,financial_enriched,random_forest,grouped,306,76
0.6578947368421053,0.5893026004728132,0.5601242690058479,0.5667303284950344,0.6490531140685939,0.8449492794736043,8,financial_enriched,xgboost,grouped,306,76
0.5921052631578947,0.5776384535005225,0.6516812865497076,0.5390728555549612,0.6318501812762259,0.8010726795807303,8,esg_only,logistic_regression,grouped,306,76
0.4473684210526316,0.5020110608345902,0.535453216374269,0.35519480519480523,0.41850649350649355,0.727909689619783,8,esg_only,naive_bayes,grouped,306,76
0.7236842105263158,0.6855769230769231,0.6589912280701754,0.6707251082251083,0.7221462747778538,0.8486788173833707,8,esg_only,random_forest,grouped,306,76
0.6973684210526315,0.6592389092389093,0.7300804093567251,0.6844155844155844,0.6959216222374117,0.8568569518643098,8,esg_only,xgboost,grouped,306,76
0.5657894736842105,0.5346801346801348,0.6275584795321638,0.5037710131758292,0.5882541428537268,0.7813994497058037,8,esg_financial,logistic_regression,grouped,306,76
0.34210526315789475,0.4861111111111111,0.5153508771929824,0.3232411029021198,0.3751000709073858,0.7067773319612827,8,esg_financial,naive_bayes,grouped,306,76
0.7105263157894737,0.6770299145299146,0.650219298245614,0.6620670995670995,0.7091592617908408,0.8882341294823982,8,esg_financial,random_forest,grouped,306,76
0.7368421052631579,0.6901932249979789,0.7145467836257309,0.70109033266928,0.7373883426515006,0.8898557167190305,8,esg_financial,xgboost,grouped,306,76
0.618421052631579,0.5759537733221943,0.6675804093567251,0.5546526919075938,0.6357859407395011,0.8178471716322305,8,esg_financial_enriched,logistic_regression,grouped,306,76
0.3815789473684211,0.4988095238095238,0.5416666666666666,0.3511085161939052,0.41139723487671154,0.714436375653048,8,esg_financial_enriched,naive_bayes,grouped,306,76
0.7631578947368421,0.7735084838533114,0.7320906432748537,0.7495280675608544,0.7611263628519884,0.9030875259320551,8,esg_financial_enriched,random_forest,grouped,306,76
0.7236842105263158,0.651900493363908,0.7008406432748537,0.666210776468306,0.7230306232626525,0.8994620191577428,8,esg_financial_enriched,xgboost,grouped,306,76
0.37662337662337664,0.5123663101604278,0.5039160401002506,0.3749796214782209,0.42863090402106,0.730866926167678,9,financial_only,logistic_regression,stratified,305,77
0.3116883116883117,0.4444444444444445,0.4584116541353384,0.3123076923076923,0.3424975024975025,0.6641448133459411,9,financial_only,naive_bayes,stratified,305,77
0.5974025974025974,0.5252976190476191,0.4785401002506265,0.483912483912484,0.5895903324474753,0.7841272614533894,9,financial_only,random_forest,stratified,305,77
0.5844155844155844,0.5287162162162162,0.5408834586466166,0.5341666666666667,0.585974025974026,0.7673824939332459,9,financial_only,xgboost,stratified,305,77
0.4935064935064935,0.4508687584345479,0.47290100250626566,0.43784261715296197,0.517709876330566,0.7121470878049826,9,financial_enriched,logistic_regression,stratified,305,77
0.3246753246753247,0.4346068660022149,0.46718358395989973,0.32358974358974363,0.3554845154845155,0.6478636590713659,9,financial_enriched,naive_bayes,stratified,305,77
0.6493506493506493,0.6518847006651884,0.5491854636591479,0.5747484582927621,0.6419352799099635,0.8193397776339507,9,financial_enriched,random_forest,stratified,305,77
0.6753246753246753,0.7104166666666667,0.6460682957393483,0.6717414529914528,0.6749916749916749,0.8108637933355979,9,financial_enriched,xgboost,stratified,305,77
0.5324675324675324,0.4802867383512545,0.4992167919799499,0.46743961352657,0.5590664408055712,0.668263626863251,9,esg_only,logistic_regression,stratified,305,77
0.4935064935064935,0.4734299516908213,0.42418546365914783,0.39898989898989895,0.5086973632428178,0.6460806702348055,9,esg_only,naive_bayes,stratified,305,77
0.6753246753246753,0.6286337209302325,0.537750626566416,0.5432804232804233,0.6608451865594722,0.7864074200305403,9,esg_only,random_forest,stratified,305,77
0.7272727272727273,0.6574074074074073,0.5728383458646616,0.5794667907343963,0.7113760916577818,0.7422430274403959,9,esg_only,xgboost,stratified,305,77
0.5584415584415584,0.5097744360902255,0.5200501253132832,0.48999497234791356,0.5909815674521557,0.701995889448897,9,esg_financial,logistic_regression,stratified,305,77
0.33766233766233766,0.4803718698455541,0.3966165413533835,0.3335432598590493,0.4041736041736041,0.6409387517940149,9,esg_financial,naive_bayes,stratified,305,77
0.7272727272727273,0.8238636363636364,0.5777725563909774,0.5853383458646616,0.706488624157797,0.8373034903345054,9,esg_financial,random_forest,stratified,305,77
0.7142857142857143,0.7043606799704362,0.6045582706766917,0.6240401311981478,0.7052236206779907,0.8033753874919288,9,esg_financial,xgboost,stratified,305,77
0.6233766233766234,0.5257918552036199,0.5283521303258145,0.5194743130227001,0.6433272820369595,0.6894072215030862,9,esg_financial_enriched,logistic_regression,stratified,305,77
0.36363636363636365,0.44646464646464645,0.41251566416040103,0.34491725768321513,0.41891866998249977,0.6550270957460808,9,esg_financial_enriched,naive_bayes,stratified,305,77
0.7402597402597403,0.7217320261437908,0.6221021303258145,0.6425925925925925,0.7318903318903319,0.8627993977618038,9,esg_financial_enriched,random_forest,stratified,305,77
0.7532467532467533,0.730966260378025,0.706923558897243,0.7155951938560635,0.7529764921069269,0.8469863226442174,9,esg_financial_enriched,xgboost,stratified,305,77
0.5128205128205128,0.585259172215694,0.6276427061310782,0.5155892725652056,0.5262823493988475,0.7982248359475594,9,financial_only,logistic_regression,grouped,304,78
0.3717948717948718,0.610930735930736,0.5281007751937984,0.3919924188580905,0.3883093689063838,0.7325933470949669,9,financial_only,naive_bayes,grouped,304,78
0.4230769230769231,0.39957264957264965,0.3458715057552267,0.3412363538945817,0.4206812877698953,0.6294847162695422,9,financial_only,random_forest,grouped,304,78
0.4358974358974359,0.4206753442746652,0.40486257928118397,0.4002034292356873,0.4445051751503365,0.6438369390189745,9,financial_only,xgboost,grouped,304,78
0.5512820512820513,0.4744164332399627,0.49503758515386426,0.4783774250440917,0.5541066341066341,0.6861420571171237,9,financial_enriched,logistic_regression,grouped,304,78
0.47435897435897434,0.619392684610076,0.6023901808785529,0.485571853130093,0.5036909212923018,0.7819825925185754,9,financial_enriched,naive_bayes,grouped,304,78
0.5641025641025641,0.4556764191047762,0.4434167253934696,0.43457834155508573,0.5488733488733489,0.7357589796263676,9,financial_enriched,random_forest,grouped,304,78
0.5769230769230769,0.5233918128654971,0.5188219403335682,0.5179306290417401,0.5830054718943608,0.7413645953408382,9,financial_enriched,xgboost,grouped,304,78
0.5769230769230769,0.5580808080808081,0.5700610758750294,0.5409913673071568,0.6024901998586208,0.7422090464653811,9,esg_only,logistic_regression,grouped,304,78
0.20512820512820512,0.33015873015873015,0.27774841437632136,0.20337350679756297,0.21988330662606342,0.5344512696555775,9,esg_only,naive_bayes,grouped,304,78
0.6538461538461539,0.6341377576671695,0.5796041813483673,0.5791631623212784,0.6444073343253327,0.8136273145006129,9,esg_only,random_forest,grouped,304,78
0.6410256410256411,0.5873105703326416,0.5882663847780126,0.5819678264122708,0.6389421278310167,0.7950975578665617,9,esg_only,xgboost,grouped,304,78
0.5641025641025641,0.5501857282502444,0.5623091378905333,0.530225878051965,0.5918878744965702,0.7739438121539245,9,esg_financial,logistic_regression,grouped,304,78
0.3717948717948718,0.6013071895424836,0.43175945501526897,0.389890443301337,0.4340761477197225,0.6106156253346658,9,esg_financial,naive_bayes,grouped,304,78
0.6410256410256411,0.6407902788705306,0.5821294338736199,0.5930820813173754,0.637221928398399,0.8166299047918084,9,esg_financial,random_forest,grouped,304,78
0.6538461538461539,0.6222541507024265,0.6124324641766502,0.6134348715617186,0.6531335793099831,0.8240592397940348,9,esg_financial,xgboost,grouped,304,78
0.5512820512820513,0.5294384057971014,0.5217289170777543,0.5098261716033932,0.5807947969149472,0.7158771313405121,9,esg_financial_enriched,logistic_regression,grouped,304,78
0.41025641025641024,0.6152777777777778,0.46115221987315014,0.42487880274520357,0.47637591904790316,0.6601892262180935,9,esg_financial_enriched,naive_bayes,grouped,304,78
0.7051282051282052,0.6839506172839506,0.6208891237961005,0.6366607248960189,0.6974838886603593,0.8583410487914133,9,esg_financial_enriched,random_forest,grouped,304,78
0.6794871794871795,0.6416947250280584,0.6504874324641766,0.6450042594620907,0.6805684275563794,0.8510197652167069,9,esg_financial_enriched,xgboost,grouped,304,78
