OrganizationNumber,Name,From,To,siI_Rating,siI_RatingNormalized,siI_RatingCompany,ratingDate,CarbonTarget,EnterpriseValue,Revenue,BookValue,BookValueEquity,BookValueDebt,IsListed,IsConsolidatedCorpAccount,HighImpactClimateSector,FossilFuelSector,ExpControversialWeapons,ExpControversialProducts,ExpDebtCollectionOrLoans,FemaleBoard,MaleBoard,ReportBiodiversity,NegativeAffectBiodiversity,TotalGHGEmission,Scope1,Scope2Location
100000128,European Investment Bank,2024-01-01,2024-12-31,AAA,1,S&P,2013-02-27,1.0,582146.731,27477.315,582146.731,93310.382,488836.349,0.0,1.0,0.0,0.0,0.0,0.0,0.0,10.0,18.0,1.0,0.0,19808.0,45.0,3601.0
100000337,A.P. Møller - Mærsk A/S,2024-01-01,2024-12-31,BBB+,3,S&P,2021-09-14,1.0,53371.83559534105,55259.408990277996,84413.32178265446,55777.26441428416,28636.057368370297,1.0,1.0,1.0,0.0,0.0,0.0,0.0,3.0,7.0,1.0,0.0,83527000.0,33939000.0,431000.0
100000337,A.P. Møller - Mærsk A/S,2025-01-01,2025-12-31,BBB+,3,S&P,2021-09-14,1.0,55721.702127659475,47710.638297872254,75193.19148936156,48251.91489361694,26941.27659574463,1.0,1.0,1.0,0.0,0.0,0.0,0.0,3.0,7.0,1.0,1.0,85449000.0,33953000.0,470000.0
100000405,Tryg Forsikring A/S,2024-01-01,2024-12-31,A2,2,Moody,2019-02-22,1.0,14059.642253747768,5379.334388157371,14059.642253747768,5285.607015473737,8774.035238274031,0.0,1.0,0.0,0.0,0.0,0.0,0.0,7.0,7.0,0.0,0.0,591187.0,1120.0,978.0
100000405,Tryg Forsikring A/S,2025-01-01,2025-12-31,A2,2,Moody,2019-02-22,1.0,13937.661503032557,5634.29688441403,13937.661503032557,5321.533291381588,8616.128211650968,0.0,1.0,0.0,0.0,0.0,0.0,0.0,8.0,10.0,0.0,0.0,494156.0,955.0,648.0
100000440,AB Sagax (publ),2024-01-01,2024-12-31,Baa2,3,Moody,2023-08-31,1.0,10704.948075748369,455.9734706344379,7334.322366698698,3648.0495680251497,3686.185531023666,1.0,1.0,1.0,0.0,0.0,0.0,0.0,1.0,5.0,0.0,0.0,113564.0,5.0,27.0
100000445,Electrolux AB (publ),2024-01-01,2024-12-31,BBB-,3,S&P,2025-08-04,1.0,12371.999427611541,11966.838293044822,10942.316083427922,848.5033598045243,10093.812723623398,1.0,1.0,1.0,0.0,0.0,0.0,0.0,4.0,7.0,0.0,0.0,41668000.0,49000.0,165000.0
100000445,Electrolux AB (publ),2025-01-01,2025-12-31,BBB-,3,S&P,2025-08-04,1.0,11458.76761391669,12279.72092593443,10592.431733123829,804.5095411911439,9787.922191932685,1.0,1.0,1.0,0.0,0.0,0.0,0.0,4.0,9.0,0.0,0.0,43506000.0,47000.0,153000.0
100000446,Sandvik AB (publ),2024-01-01,2024-12-31,BBB+,3,S&P,2024-11-13,1.0,29355.52840562017,10821.363120691209,16090.75835587755,8464.874770922457,7625.8835849550915,1.0,1.0,1.0,0.0,0.0,0.0,0.0,3.0,7.0,0.0,0.0,8348000.0,81000.0,205000.0
100876546,Kraftringen Energi AB (publ),2024-01-01,2024-12-31,BBB+,3,S&P,2025-06-24,1.0,783.2264595514479,370.04956802513476,783.2264595514479,360.2505454228134,422.97591412863443,0.0,1.0,1.0,0.0,0.0,0.0,0.0,4.0,7.0,1.0,0.0,23667.0,3135.0,
101072299,SSAB AB (publ),2024-01-01,2024-12-31,BBB-,3,S&P,2022-01-28,1.0,7312.767257177798,9373.0692032464,9662.972336155031,6197.312156383657,3465.6601797713743,1.0,1.0,1.0,0.0,0.0,0.0,0.0,4.0,7.0,0.0,0.0,20947000.0,9483000.0,
101187763,Millicom International Cellular S.A.,2024-01-01,2024-12-31,BB+,4,Fitch,2015-10-01,1.0,13925.42938492632,5630.955818654327,13222.639330060598,3440.177110405225,9782.462219655372,1.0,1.0,0.0,0.0,0.0,0.0,0.0,3.0,5.0,0.0,0.0,1254959.0,28417.0,126232.0
106083008,Assa Abloy AB,2024-01-01,2024-12-31,A-,2,S&P,2001-09-21,1.0,41898.503006458,13115.891439043606,19513.482851906887,9344.619949384805,10168.862902522082,1.0,1.0,1.0,0.0,0.0,0.0,0.0,5.0,7.0,0.0,0.0,5259614.0,85476.0,130314.0
108520479,Corem Property Group AB (publ),2024-01-01,2024-12-31,BB+,4,Scope,2025-12-23,1.0,4668.5741016668335,322.4539663146886,5391.831747971051,1877.214416615769,3514.6173313552827,1.0,1.0,1.0,0.0,0.0,0.0,0.0,2.0,5.0,0.0,0.0,53712.0,171.0,5966.0
111273386,Intrum AB,2024-01-01,2024-12-31,Caa2,6,Moody,2025-07-25,1.0,5705.097479623029,1585.2168601099645,6766.646304215058,1168.3392966227473,5416.87756348724,1.0,1.0,0.0,0.0,0.0,0.0,1.0,3.0,4.0,0.0,0.0,12962.0,86.0,2452.0
111902467,L E Lundbergföretagen AB,2024-01-01,2024-12-31,A+,2,S&P,2011-11-09,1.0,15877.476219565478,3068.941443406943,19582.59883061358,14547.953573610328,5034.645257003252,1.0,1.0,1.0,0.0,0.0,0.0,0.0,3.0,6.0,0.0,0.0,795037.0,61657.0,7828.0
120942809,Elekta AB (publ),2024-01-01,2024-12-31,BBB-,3,S&P,2021-10-26,1.0,3396.8060040143273,1572.2261977485018,2528.7546906361927,772.1441661576089,1756.6105244785838,1.0,1.0,1.0,0.0,0.0,0.0,0.0,2.0,6.0,0.0,0.0,490941.0,5007.0,4347.0
125404713,Sparbanken Sjuhärad AB (publ),2024-01-01,2024-12-31,A-,2,S&P,2014-04-29,0.0,2795.3273409547205,147.85400122174778,2795.3273409547205,368.4132995898437,2427.7787765075595,0.0,0.0,0.0,0.0,0.0,0.0,1.0,3.0,6.0,0.0,0.0,,,
130985892,Volvo Treasury AB,2024-01-01,2024-12-31,A,2,S&P,2023-05-15,1.0,92861.52413456714,46208.56968321864,62358.32097041655,17223.230648398716,45135.09032201783,1.0,1.0,1.0,0.0,0.0,0.0,0.0,7.0,11.0,1.0,0.0,259167000.0,207000.0,165000.0
130985892,Volvo Treasury AB,2025-01-01,2025-12-31,A,2,S&P,2023-05-15,1.0,99065.15882271362,44457.0530887583,59935.31395832345,16492.815228942312,43442.49872938114,1.0,1.0,1.0,0.0,0.0,0.0,0.0,5.0,9.0,1.0,0.0,237857000.0,203000.0,157000.0
131799428,Fastighets AB Balder (publ),2024-01-01,2024-12-31,BBB,3,S&P,2017-03-14,1.0,22478.575791954023,1201.9373418273901,23381.27236233539,8878.174360764504,14503.010733921,1.0,1.0,1.0,0.0,0.0,0.0,0.0,1.0,4.0,0.0,0.0,164928.0,1231.0,42602.0
132474680,Tekniska Verken i Linköping AB,2024-01-01,2024-12-31,A+,2,S&P,2017-10-27,1.0,1335.4568461471392,759.7521598743381,1335.4568461471392,677.2842307356693,658.1726154114699,0.0,1.0,1.0,0.0,0.0,0.0,0.0,4.0,7.0,0.0,0.0,631673.0,346000.0,1540.0
133484021,Scania CV (publ),2024-01-01,2024-12-31,BBB,3,S&P,2020-05-14,1.0,22411.466969194622,19811.3273409548,22411.466969194622,8219.216336504094,14192.250632690526,0.0,1.0,1.0,0.0,0.0,0.0,0.0,7.0,9.0,0.0,0.0,140430100.0,99200.0,56100.0
134016864,AB SKF,2024-01-01,2024-12-31,BBB+,3,Fitch,2019-09-18,1.0,13262.490768566253,8770.573348459766,10420.891875381843,5407.888995549374,5013.002879832468,1.0,1.0,1.0,0.0,0.0,0.0,0.0,3.0,11.0,0.0,0.0,3177766.0,45853.0,392255.0
136282765,Golar LNG Limited,2024-01-01,2024-12-31,B,5,S&P,2025-09-22,0.0,6181.712995475964,286.57426123784677,4204.136105496184,2280.685340263733,1923.4507652324512,1.0,1.0,1.0,1.0,0.0,0.0,0.0,2.0,5.0,0.0,0.0,443141.0,443125.0,34.0
144637690,Lejonfastigheter AB (publ),2024-01-01,2024-12-31,AA-,1,S&P,2011-04-29,1.0,588.4194955929863,140.1941705209885,588.4194955929863,78.24304040492225,454.6265817261562,0.0,0.0,1.0,0.0,0.0,0.0,0.0,3.0,9.0,1.0,0.0,13643.94,76.0,6937.0
146601892,Ziklo Bank AB,2024-01-01,2024-12-31,A3,2,Moody,2015-05-29,1.0,5066.749367309561,832.9069726852293,5066.749367309561,133.16668121127557,4352.231782878107,0.0,0.0,0.0,0.0,0.0,0.0,0.0,3.0,4.0,0.0,0.0,150907.0,78.0,12.0
147805458,DFDS A/S,2024-01-01,2024-12-31,BBB-,3,Scope,2022-08-30,1.0,4378.386579420208,3995.816460618417,5267.102898978256,1862.4795516103964,3404.7574351685516,1.0,1.0,1.0,0.0,0.0,0.0,0.0,3.0,6.0,1.0,0.0,3977880.0,2617970.0,15500.0
147805458,DFDS A/S,2025-01-01,2025-12-31,BBB-,3,Scope,2022-08-30,1.0,3860.897530426162,4164.468663390855,4969.540360695678,1800.398987802753,3169.141372892925,1.0,1.0,1.0,0.0,0.0,0.0,0.0,3.0,6.0,1.0,0.0,3716000.0,2491000.0,12000.0
148832655,Länsförsäkringar AB (publ),2024-01-01,2024-12-31,A+,2,S&P,2025-11-21,1.0,70237.36800767988,1253.250719958117,70237.36800767988,3319.7486691683544,66917.61933851152,0.0,1.0,0.0,0.0,0.0,0.0,1.0,,,0.0,0.0,16079973.0,178.0,437.0
153033241,FastPartner AB (publ),2024-01-01,2024-12-31,Ba2,4,Moody,2025-10-31,1.0,2958.8969369055026,202.37368007679646,3157.675189807153,1309.8699712016814,1847.8052186054713,1.0,1.0,1.0,0.0,0.0,0.0,0.0,3.0,2.0,1.0,0.0,10183.0,73.0,7271.0
155617436,Saab AB (publ),2024-01-01,2024-12-31,BBB+,3,S&P,2024-06-04,1.0,16473.621193036117,5638.799197137647,8711.318614189759,3125.2290775809547,5586.089536608804,1.0,1.0,1.0,0.0,0.0,1.0,0.0,3.0,8.0,0.0,,930922.0,15988.0,14419.0
156656325,PostNord AB (publ),2024-01-01,2024-12-31,A,2,NCR,2025-05-06,1.0,2547.429967710981,3359.280914564986,2547.429967710981,1037.0014835500526,1510.4284841609283,0.0,1.0,1.0,0.0,0.0,0.0,0.0,6.0,4.0,0.0,0.0,464081.0,26322.0,15912.0
161894855,Specialfastigheter Sverige AB,2024-01-01,2024-12-31,AA+,1,S&P,2014-06-12,1.0,5020.856968321866,305.6113098874261,5020.856968321866,1733.9209355092146,3286.848765162769,0.0,1.0,1.0,0.0,0.0,0.0,0.0,6.0,5.0,0.0,0.0,31756.0,149.0,10315.0
163289203,Länsförsäkringar Bank AB,2024-01-01,2024-12-31,A+,2,S&P,2025-11-21,1.0,70237.36800767988,1253.250719958117,70237.36800767988,3319.7486691683544,66917.61933851152,0.0,1.0,0.0,0.0,0.0,0.0,1.0,,,0.0,0.0,16079973.0,178.0,437.0
174248208,Hemsö Fastighets AB (publ),2024-01-01,2024-12-31,A3,2,Moody,2025-02-04,1.0,7963.434854699399,452.7445675887969,7963.434854699399,2568.8105419321173,5394.6243127672815,0.0,1.0,1.0,0.0,0.0,0.0,0.0,2.0,3.0,0.0,0.0,64273.0,576.0,9143.0
179348875,Stora Enso Oyj,2024-01-01,2024-12-31,BBB-,3,Fitch,2018-08-08,1.0,17471.36956,9492.0,19802.0,9989.0,9813.0,1.0,1.0,1.0,0.0,0.0,0.0,0.0,4.0,4.0,1.0,0.0,5790000.0,1330000.0,450000.0
179348875,Stora Enso Oyj,2025-01-01,2025-12-31,BBB-,3,Fitch,2018-08-08,1.0,16845.587516,9819.0,19059.0,10649.0,8410.0,1.0,1.0,1.0,0.0,0.0,0.0,0.0,4.0,5.0,1.0,0.0,5670000.0,1140000.0,470000.0
179798597,Södra Skogsägarna ekonomisk förening,2024-01-01,2024-12-31,BBB+,3,NCR,2024-12-17,1.0,3930.0113447945023,2703.289990400571,3930.0113447945023,2426.302469674503,1503.70887512,0.0,1.0,1.0,0.0,0.0,0.0,0.0,5.0,10.0,1.0,0.0,2468800.0,80000.0,800.0
181305440,Castellum AB,2024-01-01,2024-12-31,BBB,3,S&P,2025-05-23,1.0,12047.244192948829,863.8624661837896,13775.983942752484,6909.328911772437,6866.655030980047,1.0,1.0,1.0,0.0,0.0,0.0,0.0,3.0,3.0,1.0,0.0,57645.0,639.0,20516.0
183562096,Akelius Residential Property AB (publ),2024-01-01,2024-12-31,BBB-,3,S&P,2023-12-05,1.0,4402.35,387.0,6729.0,3381.0,3348.0,1.0,1.0,1.0,0.0,0.0,0.0,0.0,1.0,4.0,0.0,0.0,154112.0,31476.0,11713.0
194399184,Akademiska Hus AB,2024-01-01,2024-12-31,AA,1,S&P,2011-06-26,1.0,11557.640282747238,709.6605288419615,11557.640282747238,5438.694475957787,6118.945806789451,0.0,1.0,1.0,0.0,0.0,0.0,0.0,4.0,6.0,0.0,0.0,29653.0,1082.0,23725.0
198403405,Fabege AB (publ),2024-01-01,2024-12-31,Baa2,3,Moody,2019-10-17,1.0,6260.79424539666,320.8831486168092,7339.99476394104,3355.004799720759,3984.9899642202818,1.0,1.0,1.0,0.0,0.0,0.0,0.0,3.0,4.0,0.0,0.0,18372.0,37.0,3579.0
199626114,Holmen AB (publ),2024-01-01,2024-12-31,BBB+,3,S&P,2017-07-10,1.0,7668.606394624348,2171.9172702679216,7116.502312592754,5006.545073741187,2109.957238851567,1.0,1.0,1.0,0.0,0.0,0.0,0.0,4.0,11.0,1.0,0.0,770000.0,61000.0,20000.0
199933795,Husqvarna AB,2024-01-01,2024-12-31,BBB-,3,S&P,2023-11-30,1.0,5715.935667684815,4241.382319574153,4957.064316257985,2148.704075399259,2808.4475085086087,1.0,1.0,1.0,0.0,0.0,0.0,0.0,3.0,10.0,0.0,0.0,3043732.0,14217.0,63241.0
199933965,Realkredit Danmark A/S,2024-01-01,2024-12-31,A+,2,Scope,2024-01-22,0.0,110893.69519161158,3188.60790045322,110893.69519161158,7326.825605406427,103566.86958620515,0.0,1.0,0.0,0.0,0.0,0.0,0.0,2.0,5.0,0.0,0.0,,,
199933965,Realkredit Danmark A/S,2025-01-01,2025-12-31,A+,2,Scope,2024-01-22,0.0,109328.54905006077,2936.9786715580567,109328.54905006077,7376.722141145273,101951.82690891551,0.0,1.0,0.0,0.0,0.0,0.0,0.0,3.0,5.0,0.0,0.0,,,
199934341,Citycon Oyj,2024-01-01,2024-12-31,B+,5,S&P,2025-11-07,1.0,3037.82477,397.8,4303.1,1858.5,2444.6,1.0,1.0,1.0,0.0,0.0,0.0,0.0,1.0,10.0,1.0,0.0,196616.0,1015.0,3036.0
199934341,Citycon Oyj,2025-01-01,2025-12-31,B+,5,S&P,2025-11-07,0.0,2896.940354,383.7,4063.8,1899.3,2164.5,1.0,1.0,1.0,0.0,0.0,0.0,0.0,2.0,8.0,0.0,,,,
199934406,Outokumpu Oyj,2024-01-01,2024-12-31,Ba2,4,Moody,2023-05-19,1.0,3448.0,6012.0,5965.0,3748.0,2217.0,1.0,1.0,1.0,0.0,0.0,0.0,0.0,3.0,4.0,1.0,1.0,3702456.0,990643.0,540274.0
199934473,Huhtamäki Oyj,2024-01-01,2024-12-31,BBB-,3,S&P,2025-05-07,1.0,6350.4,4184.2,4893.5,2124.1,2769.4,1.0,1.0,1.0,0.0,0.0,0.0,0.0,4.0,4.0,1.0,1.0,3595537.0,218431.0,454945.0
199934481,SATO Oyj,2024-01-01,2024-12-31,BBB,3,S&P,2019-09-19,1.0,5059.6,333.4,5059.6,2599.8,2459.8,0.0,1.0,1.0,0.0,0.0,0.0,0.0,1.0,5.0,0.0,,31469.0,0.0,33600.0
199934503,Neste Oyj,2024-01-01,2024-12-31,A3,2,Moody,2022-11-23,1.0,17495.0,20736.0,15581.0,7417.0,8164.0,1.0,1.0,1.0,1.0,0.0,0.0,0.0,3.0,6.0,1.0,0.0,59243000.0,2290000.0,503000.0
199934554,Sampo Oyj,2024-01-01,2024-12-31,A2,2,Moody,2024-04-25,1.0,38615.197261,9762.0,24478.0,7059.0,17419.0,1.0,1.0,0.0,0.0,0.0,0.0,0.0,3.0,6.0,0.0,0.0,329145.0,883.0,1886.0
199934589,Svenska Handelsbanken AB (publ),2024-01-01,2024-12-31,AA+,1,Fitch,2016-05-26,1.0,310336.50405794714,16109.782703551866,308855.31023649673,18328.562701806524,290526.7475346902,1.0,1.0,0.0,0.0,0.0,0.0,1.0,6.0,6.0,0.0,0.0,46062094.0,143.0,4468.0
199934619,Elisa Oyj,2024-01-01,2024-12-31,BBB+,3,S&P,2015-03-18,1.0,8828.815595,2207.0,2736.0,612.3,2123.7,1.0,1.0,0.0,0.0,0.0,0.0,0.0,3.0,5.0,1.0,0.0,242815.0,925.0,44025.0
199934627,OP Corporate Bank plc (OP Yrityspankki Oyj),2024-01-01,2024-12-31,AA-,1,S&P,2014-05-28,1.0,161168.0,9231.0,161168.0,18110.0,143058.0,0.0,1.0,0.0,0.0,0.0,0.0,1.0,5.0,6.0,1.0,0.0,4667928.0,339.0,16056.0
199934791,Fingrid Oyj,2024-01-01,2024-12-31,A+,2,S&P,2024-02-14,0.0,3719.204,1426.276,3719.204,599.905,3119.299,0.0,1.0,1.0,0.0,0.0,0.0,0.0,2.0,3.0,1.0,0.0,249021.0,6955.0,50982.0
199934805,Fortum Oyj,2024-01-01,2024-12-31,BBB+,3,Fitch,2025-06-17,1.0,20280.0,6082.0,17307.0,9154.0,8153.0,1.0,1.0,1.0,1.0,0.0,0.0,0.0,3.0,6.0,1.0,0.0,12870077.0,1351041.0,46694.0
199934805,Fortum Oyj,2025-01-01,2025-12-31,BBB+,3,Fitch,2025-06-17,1.0,24136.0,5124.0,16444.0,8620.0,7824.0,1.0,1.0,1.0,1.0,0.0,0.0,0.0,3.0,7.0,1.0,0.0,12091000.0,757800.0,179400.0
199934880,Swedavia AB,2024-01-01,2024-12-31,Baa1,3,Moody,2025-11-05,1.0,2461.558600226907,564.2726241382345,2461.558600226907,897.285976088668,1564.272624138239,0.0,1.0,1.0,0.0,0.0,0.0,0.0,3.0,7.0,0.0,,383500.0,2100.0,
199934899,Municipality Finance PLC (Kuntarahoitus Oyj),2024-01-01,2024-12-31,AA+,1,S&P,2016-03-28,0.0,53091.818,2253.97,53091.818,1945.435,51146.383,0.0,1.0,0.0,0.0,0.0,0.0,0.0,3.0,5.0,0.0,0.0,,,
199934937,Arion Banki hf,2024-01-01,2024-12-31,A3,2,Moody,2023-09-14,1.0,11445.343988881163,1208.7838776928415,11245.774843641411,1439.0965948575392,9806.678248783874,1.0,1.0,0.0,0.0,0.0,0.0,1.0,3.0,2.0,0.0,0.0,608.0,30.5,39.1
199934937,Arion Banki hf,2025-01-01,2025-12-31,A3,2,Moody,2023-09-14,1.0,12348.777173913042,1211.1752717391305,11927.751358695652,1476.8410326086955,10450.910326086956,1.0,1.0,0.0,0.0,0.0,0.0,1.0,3.0,2.0,0.0,0.0,547.8,27.1,33.9
199934996,Swedbank Hypotek AB,2024-01-01,2024-12-31,AA-,1,S&P,2025-09-23,0.0,100838.99118596783,3905.5764028274893,100838.99118596783,4773.365913255978,96065.62527271184,0.0,0.0,0.0,0.0,0.0,0.0,0.0,2.0,3.0,0.0,0.0,,,
199934996,Swedbank Hypotek AB,2025-01-01,2025-12-31,AA-,1,S&P,2025-09-23,0.0,110483.2971399524,3262.856350783149,110483.2971399524,5201.866654345494,105280.50639929724,0.0,0.0,0.0,0.0,0.0,0.0,0.0,3.0,2.0,0.0,0.0,,,
199935100,Aktia Bank Abp,2024-01-01,2024-12-31,A2,2,Moody,2022-09-26,1.0,11834.56642,598.479,11904.257,741.853,11162.405,1.0,1.0,0.0,0.0,0.0,0.0,1.0,3.0,6.0,0.0,0.0,152812.0,0.0,281.0
199935240,Stadshypotek AB (publ),2024-01-01,2024-12-31,AA,1,Fitch,2016-05-26,0.0,142241.7313901743,5525.002181691272,142241.7313901743,5303.5168862902765,136938.21450388402,0.0,0.0,0.0,0.0,0.0,0.0,0.0,2.0,5.0,0.0,0.0,,,
199935267,Ålandsbanken Abp,2024-01-01,2024-12-31,Baa1,3,Moody,2025-10-07,1.0,5109.769,357.109,4924.829,335.96,4588.869,1.0,1.0,0.0,0.0,0.0,0.0,1.0,3.0,4.0,0.0,0.0,3036638.0,6.0,179.0
199935267,Ålandsbanken Abp,2025-01-01,2025-12-31,Baa1,3,Moody,2025-10-07,1.0,5497.508774,296.709,5173.492,386.421,4787.071,1.0,1.0,0.0,0.0,0.0,0.0,1.0,3.0,4.0,0.0,0.0,4119188.0,6.0,137.0
199935461,Suomen Hypoteekkiyhdistyksen,2024-01-01,2024-12-31,BBB,3,S&P,2015-08-31,0.0,3478.594,178.142,3478.594,165.683,3312.911,0.0,1.0,0.0,0.0,0.0,0.0,0.0,3.0,4.0,0.0,0.0,1365.0,0.0,32.0
199935461,Suomen Hypoteekkiyhdistyksen,2025-01-01,2025-12-31,BBB,3,S&P,2015-08-31,0.0,3645.97,119.69,3645.97,173.183,3472.787,0.0,1.0,0.0,0.0,0.0,0.0,0.0,4.0,4.0,0.0,0.0,1305.0,4.0,28.0
199935904,NOBA Bank Group AB (publ),2024-01-01,2024-12-31,BBB,3,NCR,2022-05-27,0.0,13888.035605201214,1316.0834278732934,13888.035605201214,1979.0557640282836,11908.979841172932,0.0,1.0,0.0,0.0,0.0,0.0,1.0,3.0,5.0,0.0,0.0,15014.8,0.0,18.3
199935945,Jernhusen AB,2024-01-01,2024-12-31,A,2,S&P,2017-08-29,1.0,2254.734270006119,166.33214067545237,2254.734270006119,906.7981499258266,1347.9361200802923,0.0,1.0,1.0,0.0,0.0,0.0,0.0,6.0,4.0,0.0,0.0,39440.0,276.0,5401.0
199935945,Jernhusen AB,2025-01-01,2025-12-31,A,2,S&P,2017-08-29,1.0,2704.4309938548145,177.51698008593928,2704.4309938548145,1050.2240909300883,1654.11449429376,0.0,1.0,1.0,0.0,0.0,0.0,0.0,6.0,4.0,0.0,0.0,53312.0,43.0,4820.0
199935967,Rikshem AB,2024-01-01,2024-12-31,A3,2,Moody,2020-08-21,1.0,5391.569945021405,322.628501614453,5391.569945021405,2283.3580591674768,3108.124618204046,0.0,1.0,1.0,0.0,0.0,0.0,0.0,4.0,3.0,0.0,,62647.0,121.0,19091.0
199935978,Kojamo Oyj,2024-01-01,2024-12-31,Baa2,3,Moody,2017-05-30,0.0,7096.885907,472.0,8405.5,3629.2,4776.2,1.0,1.0,1.0,0.0,0.0,0.0,0.0,3.0,4.0,0.0,0.0,28662.0,0.0,27859.0
199936008,Sparbanken Syd,2024-01-01,2024-12-31,A3,2,Moody,2025-03-21,0.0,1169.9656165459517,63.79553189632632,1169.9656165459517,124.37690897984173,1045.5887075661099,0.0,0.0,0.0,0.0,0.0,0.0,1.0,4.0,7.0,0.0,0.0,77.23,57.8,1.23
199936008,Sparbanken Syd,2025-01-01,2025-12-31,A3,2,Moody,2025-03-21,0.0,1261.3571131543633,55.15113431594487,1261.3571131543633,135.07803908885032,1126.279074065513,0.0,0.0,0.0,0.0,0.0,0.0,1.0,5.0,7.0,0.0,0.0,1200.0,87.0,2.0
199936111,Svensk Exportkredit AB,2024-01-01,2024-12-31,AA+,1,S&P,2013-08-19,1.0,32122.698315734502,1685.574657474482,32122.698315734502,2144.34069290515,29978.357622829353,0.0,1.0,0.0,0.0,0.0,0.0,0.0,4.0,4.0,0.0,0.0,698.0,0.0,19.0
199936120,Telia Company AB,2024-01-01,2024-12-31,BBB+,3,S&P,2018-10-23,1.0,23170.764621869377,8015.533641679066,17826.337376734526,5179.945894057097,12646.478750327311,1.0,1.0,0.0,0.0,0.0,0.0,0.0,4.0,7.0,0.0,0.0,640766.0,5473.0,82512.0
199936132,Finnair Plc.,2024-01-01,2024-12-31,BB+,4,S&P,2024-04-23,1.0,3546.8,3233.7,3721.0,627.1,3093.9,1.0,1.0,1.0,0.0,0.0,0.0,0.0,3.0,5.0,0.0,,4341515.0,3459576.0,4856.0
199936137,Svenska Cellulosa AB SCA,2024-01-01,2024-12-31,BBB,3,S&P,2021-08-06,1.0,12550.646419321114,2068.766908107174,13025.831224365187,9078.88995549354,3946.941268871647,1.0,1.0,1.0,0.0,0.0,0.0,0.0,6.0,6.0,1.0,0.0,863000.0,279200.0,26700.0
199936153,Metso Oyj,2024-01-01,2024-12-31,Baa2,3,Moody,2019-10-08,1.0,11848.2,4885.0,7015.0,2611.0,4404.0,1.0,1.0,1.0,0.0,0.0,0.0,0.0,3.0,6.0,1.0,0.0,4052978.0,37670.0,75652.0
199936165,Nordic Investment Bank,2024-01-01,2024-12-31,AAA,1,S&P,2014-04-08,1.0,43103.754,1927.309,43103.754,4552.573,38551.181,0.0,0.0,0.0,0.0,0.0,0.0,0.0,5.0,2.0,0.0,0.0,1737.0,18.0,312.0
199936174,Jyske Bank A/S,2024-01-01,2024-12-31,A+,2,S&P,2023-07-21,1.0,98015.098286358,4027.9975327844713,100592.66807905826,6783.233661401492,93809.43441765677,1.0,1.0,0.0,0.0,0.0,0.0,1.0,5.0,6.0,0.0,0.0,2110340.0,640.0,1426.0
199936174,Jyske Bank A/S,2025-01-01,2025-12-31,A+,2,S&P,2023-07-21,1.0,104224.12817429594,3437.186198770899,104038.88122748985,7003.976489175104,97034.90473831476,1.0,1.0,0.0,0.0,0.0,0.0,1.0,6.0,5.0,0.0,0.0,1844852.0,381.0,1311.0
199936189,AL Sydbank A/S,2024-01-01,2024-12-31,A1,2,Moody,2019-04-24,1.0,26472.552227198394,1308.4287591514938,25968.65027219826,2116.441846120842,23852.208426077417,1.0,1.0,0.0,0.0,0.0,0.0,0.0,5.0,7.0,0.0,0.0,598183.0,322.0,850.0
199936189,AL Sydbank A/S,2025-01-01,2025-12-31,A1,2,Moody,2019-04-24,1.0,47289.560711751335,1182.235670580673,45783.180923562984,5040.501278635402,40742.67964492758,1.0,1.0,0.0,0.0,0.0,0.0,0.0,5.0,9.0,0.0,0.0,1072398.0,303.0,901.0
199936198,Teollisuuden Voima Oyj,2024-01-01,2024-12-31,Baa3,3,Moody,2023-05-04,1.0,9125.805,1058.744,9125.805,2277.857,6847.948,0.0,1.0,1.0,0.0,0.0,0.0,0.0,2.0,8.0,1.0,0.0,80080.0,2052.0,4152.0
199936200,Finnvera PLC,2024-01-01,2024-12-31,AA,1,Fitch,2025-08-15,0.0,14756.373,1267.066,14756.373,1542.487,13213.886,0.0,1.0,0.0,0.0,0.0,0.0,0.0,6.0,6.0,0.0,0.0,3723147.0,42.0,
199936200,Finnvera PLC,2025-01-01,2025-12-31,AA,1,Fitch,2025-08-15,0.0,15503.991,1066.647,15503.991,1328.815,14175.176,0.0,1.0,0.0,0.0,0.0,0.0,0.0,4.0,6.0,0.0,0.0,,,
199936202,Ringkjøbing Landbobank A/S,2024-01-01,2024-12-31,Aa3,1,Moody,2022-05-18,1.0,13502.438810373045,676.2641797849238,10543.750972136566,1479.5609965405363,9064.18997559603,1.0,1.0,0.0,0.0,0.0,0.0,1.0,5.0,4.0,0.0,0.0,559159.0,70.0,404.0
199936202,Ringkjøbing Landbobank A/S,2025-01-01,2025-12-31,Aa3,1,Moody,2022-05-18,1.0,15235.602429541144,636.7169194928294,11555.747031021956,1548.8168271097463,10006.93020391221,1.0,1.0,0.0,0.0,0.0,0.0,1.0,5.0,7.0,0.0,0.0,585238.0,51.0,310.0
199936203,Nykredit Bank A/S,2024-01-01,2024-12-31,A+,2,Fitch,2024-11-22,1.0,32665.93365335625,1504.7332993644252,32665.93365335625,5375.579929737998,27290.353723618253,0.0,1.0,0.0,0.0,0.0,0.0,0.0,3.0,4.0,1.0,0.0,5667750.0,114.0,681.0
199936204,Øresundsbro Konsortiet I/S,2024-01-01,2024-12-31,AA+,1,S&P,2020-06-19,0.0,2257.099949046638,319.14237442677495,2257.099949046638,1209.3244656601155,1047.7754833865224,0.0,0.0,1.0,0.0,0.0,0.0,0.0,2.0,5.0,0.0,0.0,,,
199936275,Stockholms Kooperativa Bostadsförening Kooperativ Hyresrättsförening,2024-01-01,2024-12-31,AA-,1,S&P,2015-05-21,1.0,818.6972685225624,84.10096867091407,818.6972685225624,374.30587311283875,444.3913954097236,0.0,0.0,1.0,0.0,0.0,0.0,0.0,4.0,5.0,0.0,0.0,13625.0,11.0,4592.0
199936278,Atrium Ljungberg AB (publ),2024-01-01,2024-12-31,Baa2,3,Moody,2017-02-19,1.0,5118.001714809343,308.31660703377395,5374.029147395085,2437.123658259894,2936.8182214853086,1.0,1.0,1.0,0.0,0.0,0.0,0.0,2.0,4.0,0.0,0.0,2095.0,297.0,7917.0
199936278,Atrium Ljungberg AB (publ),2025-01-01,2025-12-31,Baa2,3,Moody,2017-02-19,1.0,5210.995103451441,332.1166196922778,5951.577877373721,2614.8870304486327,3336.783255556055,1.0,1.0,1.0,0.0,0.0,0.0,0.0,2.0,6.0,0.0,0.0,25708.0,260.0,5083.0
199936429,Jyske Realkredit A/S,2024-01-01,2024-12-31,A+,2,S&P,2023-07-21,1.0,98015.098286358,4027.9975327844713,100592.66807905826,6783.233661401492,93809.43441765677,1.0,1.0,0.0,0.0,0.0,0.0,1.0,5.0,6.0,0.0,0.0,2110340.0,640.0,1426.0
199936429,Jyske Realkredit A/S,2025-01-01,2025-12-31,A+,2,S&P,2023-07-21,1.0,104224.12817429594,3437.186198770899,104038.88122748985,7003.976489175104,97034.90473831476,1.0,1.0,0.0,0.0,0.0,0.0,1.0,6.0,5.0,0.0,0.0,1844852.0,381.0,1311.0
199936431,Nykredit Realkredit A/S,2024-01-01,2024-12-31,A+,2,Fitch,2024-11-22,1.0,237743.168226555,8795.489286384733,237743.168226555,14079.487248250169,223663.68097830482,0.0,1.0,0.0,0.0,0.0,0.0,0.0,4.0,11.0,0.0,0.0,5608256.0,114.0,681.0
199936437,DLR Kredit A/S,2024-01-01,2024-12-31,A-,2,S&P,2017-05-19,0.0,27696.10340851192,1095.0950682506916,27696.10340851192,2362.895223792542,25333.20818471938,0.0,1.0,0.0,0.0,0.0,0.0,0.0,0.0,7.0,0.0,0.0,2743995.4,0.4,280.0
199936440,Danmarks Skibskredit A/S,2024-01-01,2024-12-31,BBB+,3,S&P,2016-04-03,1.0,7817.586955938757,1113.5991847461728,7817.586955938757,1242.8598246131578,6574.727131325599,0.0,0.0,0.0,0.0,0.0,0.0,0.0,1.0,10.0,0.0,,298.0,2.0,65.0
199936440,Danmarks Skibskredit A/S,2025-01-01,2025-12-31,BBB+,3,S&P,2016-04-03,1.0,8563.510021556041,864.9198677181367,8563.510021556041,1245.8327196775947,7317.677301878446,0.0,0.0,0.0,0.0,0.0,0.0,0.0,1.0,10.0,0.0,,226.0,4.0,44.0
199936446,Spar Nord Bank A/S,2024-01-01,2024-12-31,A1,2,Moody,2019-10-30,1.0,20563.16876290597,1029.7943093137396,19279.68033468317,1961.4363485210135,17318.243986162157,1.0,1.0,0.0,0.0,0.0,0.0,1.0,5.0,5.0,0.0,0.0,728302.0,194.0,784.0
199936446,Spar Nord Bank A/S,2025-01-01,2025-12-31,A1,2,Moody,2019-10-30,1.0,19566.870623518833,876.43428081779,19566.870623518833,2149.044705378299,17417.825918140534,0.0,1.0,0.0,0.0,0.0,0.0,1.0,4.0,5.0,0.0,0.0,582612.0,124.0,522.0
199936490,DSV A/S,2024-01-01,2024-12-31,A-,2,S&P,2021-02-15,1.0,64501.86382042968,22494.03309286923,31717.79881466387,15353.455442623845,16364.343372040028,1.0,1.0,1.0,1.0,0.0,0.0,0.0,3.0,5.0,0.0,,13809000.0,202000.0,205000.0
199936490,DSV A/S,2025-01-01,2025-12-31,A-,2,S&P,2021-02-15,1.0,74265.68838784817,33260.58723506804,38840.65926709417,15720.387205612586,23120.27206148158,1.0,1.0,1.0,1.0,0.0,0.0,0.0,3.0,5.0,0.0,,19608000.0,362000.0,274000.0
199936508,Investor AB,2024-01-01,2024-12-31,Aa3,1,Moody,2015-11-25,1.0,89933.45754428874,6962.03857230128,83086.65677633339,71537.83052622425,11548.91351775902,1.0,1.0,0.0,0.0,0.0,0.0,0.0,5.0,8.0,0.0,0.0,94160.0,11.0,91.0
199936520,Metsä Board Oyj,2024-01-01,2024-12-31,Baa3,3,Moody,2025-08-08,1.0,2638.385001,2025.7,2994.1,1907.7,1086.4,1.0,1.0,1.0,0.0,0.0,0.0,0.0,4.0,5.0,1.0,0.0,2066225.0,192098.0,259495.0
199936520,Metsä Board Oyj,2025-01-01,2025-12-31,Baa3,3,Moody,2025-08-08,1.0,2316.39278,1829.2,2925.8,1756.7,1169.1,1.0,1.0,1.0,0.0,0.0,0.0,0.0,3.0,5.0,1.0,0.0,1729121.0,139723.0,143634.0
199936529,Fastighetsaktiebolaget Förvaltaren,2024-01-01,2024-12-31,AA-,1,S&P,2013-06-07,1.0,553.7570468627305,72.87494545771915,553.7570468627305,307.7094859935436,246.0475608691869,0.0,1.0,1.0,0.0,0.0,0.0,0.0,3.0,5.0,0.0,0.0,221.0,9.0,212.0
199936531,Securitas AB (publ),2024-01-01,2024-12-31,BBB,3,S&P,2024-02-14,1.0,13589.107023213257,14177.851470459964,10785.234313639983,3724.5832969718294,7060.651016668153,1.0,1.0,0.0,0.0,0.0,0.0,0.0,4.0,7.0,0.0,0.0,1647515.0,119062.0,
199936574,Carlsberg Breweries A/S,2024-01-01,2024-12-31,BBB+,3,Fitch,2025-01-20,1.0,23960.551369036468,10186.650218563125,15284.936576470287,4104.695754780234,11180.240821690053,1.0,1.0,1.0,0.0,0.0,1.0,0.0,4.0,10.0,1.0,0.0,8278000.0,331000.0,300000.0
199936574,Carlsberg Breweries A/S,2025-01-01,2025-12-31,BBB+,3,Fitch,2025-01-20,1.0,31758.491879660953,12080.895446451268,20612.80777624547,4107.164374941418,16505.643401304053,1.0,1.0,1.0,0.0,0.0,1.0,0.0,5.0,8.0,1.0,0.0,9041000.0,305000.0,318000.0
199936581,Oma Säästöpankki Oy,2024-01-01,2024-12-31,BBB,3,S&P,2024-11-14,0.0,7482.953456,421.464,7709.09,576.143,7132.947,1.0,1.0,0.0,0.0,0.0,0.0,1.0,3.0,4.0,0.0,0.0,588956.0,2.0,834.0
199936586,Vacse AB (Publ),2024-01-01,2024-12-31,A-,2,NCR,2022-05-30,1.0,939.7565232568329,54.29793175669804,939.7565232568329,486.7259795793721,453.0305436774608,0.0,1.0,1.0,0.0,0.0,0.0,0.0,0.0,8.0,0.0,0.0,4864.3,54.0,908.3
199936595,Sparbanken Skåne AB (publ),2024-01-01,2024-12-31,A,2,S&P,2020-02-28,0.0,9905.824155685532,506.93201850074405,9905.824155685532,920.3005497861984,8985.523605899334,0.0,0.0,0.0,0.0,0.0,0.0,1.0,4.0,6.0,0.0,0.0,98.0,34.0,0.0
199936595,Sparbanken Skåne AB (publ),2025-01-01,2025-12-31,A,2,S&P,2020-02-28,0.0,10743.566880746615,397.2970475442389,10743.566880746615,1043.5504320103453,9700.01644873627,0.0,0.0,0.0,0.0,0.0,0.0,1.0,5.0,6.0,0.0,0.0,340.2,8.6,11.9
199936636,Heimstaden AB (publ),2024-01-01,2024-12-31,B-,5,Fitch,2025-01-10,1.0,19943.24953093647,1585.2168601099645,32587.136748407513,12898.42045553719,19688.716292870322,1.0,1.0,1.0,0.0,0.0,0.0,0.0,1.0,3.0,1.0,0.0,273914.0,20485.0,160728.0
199936641,Landsbankinn hf.,2024-01-01,2024-12-31,A-,2,S&P,2025-04-28,1.0,15161.633078526747,1277.8874218207081,15161.633078526747,2256.073662265461,12905.559416261287,0.0,1.0,0.0,0.0,0.0,0.0,1.0,4.0,5.0,0.0,0.0,378772.2,67.9,74.3
199936641,Landsbankinn hf.,2025-01-01,2025-12-31,A-,2,S&P,2025-04-28,1.0,15794.422554347826,1383.485054347826,15794.422554347826,2335.414402173913,13459.008152173912,0.0,1.0,0.0,0.0,0.0,0.0,1.0,3.0,5.0,0.0,0.0,387933.2,57.0,80.2
199936642,Alfa Laval Treasury International AB (publ),2024-01-01,2024-12-31,BBB+,3,S&P,2014-05-26,1.0,20817.907840911168,5963.260319399626,7749.629112488035,3689.850772318718,4059.7783401693177,1.0,1.0,1.0,0.0,0.0,0.0,0.0,3.0,6.0,0.0,0.0,49573628.0,16113.0,65086.0
199936643,Dometic Group Ab (publ),2024-01-01,2024-12-31,Ba3,4,Moody,2025-05-19,1.0,3837.1585335544287,2161.7069552317053,4609.651802076991,2222.2707042499446,2387.293830177164,1.0,1.0,1.0,0.0,0.0,0.0,0.0,3.0,5.0,0.0,0.0,37070.0,7896.0,17063.0
199936644,Vattenfall AB (publ),2024-01-01,2024-12-31,BBB+,3,S&P,2015-09-28,1.0,48738.720656252946,21750.15271838739,48738.720656252946,17621.171131861498,31117.54952439145,0.0,1.0,1.0,1.0,0.0,1.0,0.0,3.0,8.0,1.0,1.0,24630000.0,3300000.0,30000.0
199936663,Atlas Copco AB,2024-01-01,2024-12-31,A1,2,Moody,2025-12-11,1.0,78102.6267562618,15582.16249236415,18198.621171131945,9927.567850597829,8271.053320534116,1.0,1.0,1.0,0.0,0.0,0.0,0.0,5.0,8.0,1.0,0.0,224327000.0,91000.0,145000.0
199936665,Stena AB,2024-01-01,2024-12-31,BB,4,S&P,2023-09-20,1.0,14045.466445588683,4784.885243040427,14045.466445588683,4696.483113709769,9348.983331878915,0.0,1.0,1.0,0.0,0.0,0.0,0.0,2.0,7.0,0.0,,2402990.0,2330581.0,10297.0
199936672,Mercedes-Benz Group AG,2024-01-01,2024-12-31,A,2,DBRS,2023-11-16,1.0,223010.896555,145594.0,265010.0,93630.0,171380.0,1.0,1.0,1.0,0.0,0.0,0.0,0.0,9.0,11.0,1.0,0.0,129600000.0,600000.0,1000000.0
199936679,UPM-Kymmene Oyj,2024-01-01,2024-12-31,BBB,3,S&P,2025-10-03,1.0,21732.020165,10469.0,19096.0,11540.0,7556.0,1.0,1.0,1.0,1.0,0.0,0.0,0.0,4.0,6.0,1.0,0.0,11550000.0,2180000.0,1640000.0
199936681,Nokia Oyj,2024-01-01,2024-12-31,BBB-,3,S&P,2023-02-07,1.0,41345.347716,20057.0,39149.0,20747.0,18402.0,1.0,1.0,0.0,0.0,0.0,0.0,0.0,4.0,6.0,0.0,0.0,26011608.0,38447.0,313865.0
199936686,Vestas Wind Systems A/S,2024-01-01,2024-12-31,Baa2,3,Moody,2023-02-16,1.0,34318.328739,17295.0,24644.0,3542.0,21102.0,1.0,1.0,1.0,0.0,0.0,0.0,0.0,6.0,4.0,1.0,1.0,8095000.0,104000.0,48000.0
199936688,Mölnlycke Holding AB,2024-01-01,2024-12-31,BBB-,3,S&P,2016-10-27,1.0,4674.8,2094.4,4674.8,1859.1,2815.7,0.0,1.0,1.0,0.0,0.0,0.0,0.0,5.0,7.0,0.0,0.0,549130.0,52356.0,51586.0
199936702,Loomis AB,2024-01-01,2024-12-31,BBB,3,S&P,2024-05-02,1.0,4416.999738197071,2666.7248450999336,3522.209616895033,1189.545335544119,2332.664281350914,1.0,1.0,0.0,0.0,0.0,0.0,0.0,3.0,4.0,0.0,0.0,301497.0,130129.0,18650.0
199936704,Danfoss A/S,2024-01-01,2024-12-31,BBB,3,S&P,2014-12-15,1.0,11736.0,9678.0,11736.0,5601.0,6135.0,0.0,1.0,1.0,0.0,0.0,0.0,0.0,3.0,9.0,1.0,0.0,124240079.0,130742.0,256001.0
199936712,Ørsted A/S,2024-01-01,2024-12-31,BBB-,3,S&P,2025-08-14,1.0,45785.36072461052,10676.607042291304,40063.55761752799,12535.063959880943,27528.493657647054,1.0,1.0,1.0,1.0,0.0,0.0,0.0,5.0,5.0,1.0,1.0,9777560.0,733299.0,58925.0
199936718,Willhem AB,2024-01-01,2024-12-31,A-,2,S&P,2014-12-22,1.0,5382.232306484011,269.0461645867889,5382.232306484011,2109.957238851567,3272.2750676324436,0.0,1.0,1.0,0.0,0.0,0.0,0.0,2.0,3.0,0.0,0.0,67351.0,64.0,15912.0
199936725,Lantmännen Ekonomisk Förening,2024-01-01,2024-12-31,Baa3,3,Moody,2018-02-27,1.0,4776.507548651736,5993.5421939087455,4776.507548651736,2240.509643075322,2535.910637926532,0.0,1.0,1.0,0.0,0.0,0.0,0.0,4.0,9.0,1.0,0.0,267400.0,59600.0,232000.0
199936726,Saxo Bank A/S,2024-01-01,2024-12-31,A-,2,S&P,2024-03-28,1.0,12505.564643728725,926.1444393789062,12505.564643728725,840.1941591354026,11665.370484593323,0.0,1.0,0.0,0.0,0.0,0.0,0.0,0.0,6.0,1.0,0.0,1058164.0,105.0,1253.0
199936735,Stendörren Fastigheter AB,2024-01-01,2024-12-31,BB,4,NCR,2024-12-17,1.0,1406.4760071559535,79.41356139279205,1306.8330569857812,470.80897111441004,835.936818221489,1.0,1.0,1.0,0.0,0.0,0.0,0.0,2.0,4.0,0.0,0.0,9081.0,25.0,1854.0
199936737,Svensk FastighetsFinansiering (SFF) AB,2024-01-01,2024-12-31,BBB+,3,NCR,2022-05-30,1.0,554.9016493585852,22.899642202635587,554.9016493585852,91.50946854001263,463.3921808185726,0.0,1.0,0.0,0.0,0.0,0.0,0.0,1.0,5.0,0.0,0.0,1098.84,5.75,434.56
199936751,Danske Bank A/S,2024-01-01,2024-12-31,A+,2,Fitch,2023-09-15,1.0,497497.04526160576,14273.512295851337,498275.89905870415,23557.483440156637,474718.4156185475,1.0,1.0,0.0,0.0,0.0,0.0,1.0,6.0,6.0,0.0,0.0,9327.0,215.0,4265.0
199936751,Danske Bank A/S,2025-01-01,2025-12-31,A+,2,Fitch,2023-09-15,1.0,513120.941504103,13392.735208665248,454094.5788536458,24255.512859992738,478350.09171363857,1.0,1.0,0.0,0.0,0.0,0.0,1.0,6.0,6.0,0.0,0.0,6622.0,219.0,3053.0
199936752,Kommunekredit A/S,2024-01-01,2024-12-31,Aaa,1,Moody,2014-05-01,1.0,33856.901499101645,847.4349003727649,33856.901499101645,1366.0865134490077,32490.814985652636,0.0,0.0,0.0,0.0,0.0,0.0,0.0,2.0,8.0,0.0,0.0,73.0,0.0,7.0
199936757,Nordea Bank Abp,2024-01-01,2024-12-31,Aa2,1,Moody,2025-11-24,1.0,627696.635612,25843.0,623355.0,32436.0,590919.0,1.0,1.0,0.0,0.0,0.0,0.0,1.0,5.0,9.0,1.0,0.0,19846099.0,1810.0,16779.0
199936757,Nordea Bank Abp,2025-01-01,2025-12-31,Aa2,1,Moody,2025-11-24,1.0,677181.505632,22216.0,654350.0,32419.0,621931.0,0.0,1.0,0.0,0.0,0.0,0.0,1.0,5.0,8.0,1.0,0.0,19791381.0,1032.0,13688.0
199936759,Skandinaviska Enskilda Banken AB,2024-01-01,2024-12-31,AA-,1,S&P,2025-11-20,1.0,335624.2254996088,16861.855310236573,328041.5394013454,20171.74273496824,307869.79666637717,1.0,1.0,0.0,0.0,0.0,0.0,1.0,6.0,7.0,0.0,0.0,36614802.0,695.0,5769.0
199936761,4finance S.A.,2024-01-01,2024-12-31,B,5,Fitch,2024-05-14,0.0,2072.407,531.594,2072.407,294.699,1777.709,0.0,1.0,0.0,0.0,0.0,0.0,1.0,2.0,3.0,0.0,0.0,,,
199936789,Landshypotek Bank AB (publ),2024-01-01,2024-12-31,A,2,S&P,2020-02-28,1.0,10849.288768653509,438.4326730081179,10849.288768653509,662.3614626058151,10186.927306047693,0.0,1.0,0.0,0.0,0.0,0.0,0.0,3.0,6.0,0.0,0.0,120.3,0.0,61.6
199936795,Stockholm Exergi Holding AB (publ),2024-01-01,2024-12-31,BBB,3,S&P,2025-04-01,1.0,2865.607819181442,747.4474212409493,2865.607819181442,1012.9156121825685,1852.7794746487561,0.0,1.0,1.0,1.0,0.0,0.0,0.0,5.0,6.0,1.0,0.0,676000.0,482000.0,81000.0
199936802,Swedbank AB (publ),2024-01-01,2024-12-31,AA-,1,S&P,2025-09-23,1.0,264984.2154862565,12114.407888995604,262649.27131512464,19102.975826861068,243546.2954882636,1.0,1.0,0.0,0.0,0.0,0.0,1.0,5.0,8.0,0.0,0.0,101433617.0,853.0,9500.0
199936802,Swedbank AB (publ),2025-01-01,2025-12-31,AA-,1,S&P,2025-09-23,1.0,295517.79432250484,10287.29843367366,283027.58397634217,20868.27149655769,262159.3124797845,1.0,1.0,0.0,0.0,0.0,0.0,1.0,5.0,8.0,0.0,0.0,135601543.0,533.0,8563.0
199936803,SBAB Bank AB (Publ),2024-01-01,2024-12-31,A+,2,S&P,2023-02-17,1.0,57586.70041015821,2465.136573872077,57586.70041015821,2277.5111266253703,55309.18928353285,0.0,1.0,0.0,0.0,0.0,0.0,1.0,7.0,4.0,0.0,0.0,144702.0,0.0,28.0
199936813,Advanzia Bank S.A.,2024-01-01,2024-12-31,Baa3,3,Moody,2024-04-19,0.0,4473.838,693.414,4473.838,510.101,3963.737,0.0,0.0,0.0,0.0,0.0,0.0,0.0,0.0,6.0,0.0,0.0,,,
199936871,Varbergs Sparbank AB (publ),2024-01-01,2024-12-31,A,2,NCR,2024-09-06,0.0,1834.7353172179155,95.31721790732219,1834.7353172179155,437.53756872327625,1397.1977484946394,0.0,0.0,0.0,0.0,0.0,0.0,1.0,3.0,6.0,0.0,0.0,259.8,0.0,4.1
199937293,Kvika banki hf.,2024-01-01,2024-12-31,Baa2,3,Moody,2022-05-11,0.0,2505.956601806809,249.64423905489912,2464.1726337734526,622.0798262682415,1842.092807505211,1.0,1.0,0.0,0.0,0.0,0.0,0.0,2.0,3.0,0.0,0.0,282.0,46.0,22.0
199937293,Kvika banki hf.,2025-01-01,2025-12-31,Baa2,3,Moody,2022-05-11,0.0,2414.7404891304345,251.74592391304347,2330.923913043478,468.30842391304344,1862.6154891304348,1.0,1.0,0.0,0.0,0.0,0.0,0.0,2.0,3.0,0.0,,332.14,23.92,25.74
199937403,Alimentation Couche-Tard Inc.,2024-01-01,2024-12-31,BBB+,3,S&P,2023-09-18,1.0,73776.85994994681,66670.03561459214,35558.86033304445,12803.349696794645,22755.510636249805,1.0,1.0,1.0,1.0,0.0,0.0,0.0,6.0,10.0,0.0,,153554078.0,173458.0,674834.0
199937581,Hoist Finance AB (publ),2024-01-01,2024-12-31,Baa2,3,Moody,2024-09-24,1.0,5099.328582686121,446.3740291473971,4968.496378392552,585.1295924600777,4383.366785932475,1.0,1.0,0.0,0.0,0.0,0.0,0.0,1.0,5.0,0.0,0.0,1539.0,336.0,
199937619,Føroya Banki P/F,2024-01-01,2024-12-31,A3,2,Moody,2025-11-19,1.0,1875.4317627182297,125.66373461342499,1945.8344283837075,278.37123548499585,1667.4631928987117,1.0,1.0,0.0,0.0,0.0,0.0,0.0,2.0,9.0,0.0,0.0,278.0,29.2,248.8
199937646,Klarna Bank AB,2024-01-01,2024-12-31,BBB-,3,S&P,2023-04-27,1.0,13290.339471158102,2787.2414695872367,13290.339471158102,2182.1275853041375,11108.211885853963,0.0,1.0,0.0,0.0,0.0,0.0,0.0,2.0,5.0,0.0,0.0,83744.0,69.0,504.0
199937682,Achilles Capital AB (publ),2024-01-01,2024-12-31,CCC,6,Fitch,2024-06-07,0.0,247.101,52.869,247.101,38.466,208.635,0.0,1.0,0.0,0.0,0.0,0.0,0.0,0.0,3.0,0.0,0.0,,,
199937853,BNP Paribas SA,2024-01-01,2024-12-31,A1,2,Moody,2024-12-17,1.0,2637348.513474,121138.0,2704908.0,134141.0,2570767.0,1.0,1.0,0.0,0.0,0.0,0.0,1.0,7.0,8.0,0.0,0.0,22096670.0,9059.0,29151.0
199937854,Volvo Car AB,2024-01-01,2024-12-31,Ba1,4,Moody,2018-05-02,1.0,27706.169822846798,35118.596736190055,33880.35605201167,12409.372545597404,21470.983506414268,1.0,1.0,1.0,0.0,0.0,0.0,0.0,7.0,7.0,1.0,0.0,40892000.0,59000.0,167000.0
199937879,LSTH Svenska Handelsfastigheter AB (publ),2024-01-01,2024-12-31,BBB,3,NCR,2025-10-03,1.0,1815.163801378837,131.33920935509266,1815.163801378837,733.5555458591533,1081.6082555196838,0.0,1.0,1.0,0.0,0.0,0.0,0.0,1.0,4.0,0.0,0.0,9060.5,132.4,2338.9
199937899,If Skadeförsäkring Holding AB (publ),2024-01-01,2024-12-31,A,2,S&P,2019-07-18,1.0,16544.637402914814,6544.724670564651,16544.637402914814,3797.1899816738105,12747.447421241004,0.0,1.0,0.0,0.0,0.0,0.0,0.0,0.0,4.0,0.0,0.0,346151.0,182.0,1001.0
199937928,Ellevio AB,2024-01-01,2024-12-31,BBB,3,S&P,2016-09-26,1.0,8876.079937167333,800.1570817697916,8876.079937167333,830.0898856793824,8045.99005148795,0.0,0.0,1.0,0.0,0.0,0.0,0.0,3.0,4.0,1.0,0.0,68329.0,1119.0,5863.0
199937985,Norion Bank AB,2024-01-01,2024-12-31,BB+,4,NCR,2024-12-18,1.0,5727.451657736303,492.5386159350751,5864.9096779823985,789.9467667335755,5075.050178898705,1.0,1.0,0.0,0.0,0.0,0.0,0.0,2.0,5.0,0.0,0.0,3129.3,0.5,15.2
199938034,Essity AB,2024-01-01,2024-12-31,BBB+,3,S&P,2017-04-10,1.0,26166.100130901592,12753.207086133229,16169.29924077152,7744.21851819534,8425.080722576178,1.0,1.0,1.0,0.0,0.0,0.0,0.0,6.0,6.0,1.0,1.0,2241000.0,1230000.0,1011000.0
199938055,The Goldman Sachs Group Inc.,2024-01-01,2024-12-31,A-H,2,DBRS,2016-07-26,0.0,1667015.618707281,122103.18606218076,1613217.8265473044,117428.04889787236,1495789.777649432,1.0,1.0,0.0,0.0,0.0,0.0,0.0,5.0,8.0,,,,,
199938071,Samhällsbyggnadsbolaget i Norden AB (publ),2024-01-01,2024-12-31,CCC,6,Fitch,2023-11-22,1.0,5921.060867091396,395.7587922157274,7580.242604066707,2320.0104721179964,5260.144864298828,1.0,1.0,1.0,0.0,0.0,0.0,0.0,0.0,6.0,0.0,0.0,28457.0,506.0,10407.0
199938117,Autoliv Inc,2024-01-01,2024-12-31,BBB+,3,Fitch,2024-12-16,1.0,12326.00154009044,10020.213687554111,7511.791317739892,2199.4417172008784,5311.387043988817,1.0,1.0,1.0,0.0,0.0,0.0,0.0,3.0,9.0,0.0,,4073000.0,75000.0,309000.0
199938138,Deutsche Bank AG,2024-01-01,2024-12-31,A-H,2,DBRS,2025-07-02,1.0,1340111.893,59730.0,1387177.0,79432.0,1307745.0,1.0,1.0,0.0,0.0,0.0,0.0,1.0,7.0,13.0,0.0,0.0,1111824.0,16978.0,99164.0
199938154,Humlegården Fastigheter AB (publ),2024-01-01,2024-12-31,BBB+,3,S&P,2022-02-14,1.0,3596.919451959175,173.80225150536774,3596.919451959175,1995.9507810454754,1600.9686709136995,0.0,1.0,1.0,0.0,0.0,0.0,0.0,1.0,5.0,0.0,0.0,5773.4,123.4,895.8
199938156,Intea Fastigheter AB (publ),2024-01-01,2024-12-31,BBB,3,NCR,2023-05-19,1.0,2153.5910637926618,106.46653285627066,2153.5910637926618,901.911161532424,1251.76716991012,0.0,1.0,1.0,0.0,0.0,0.0,0.0,2.0,6.0,1.0,1.0,1981.0,,1981.0
199938226,Danske Hypotek AB (publ),2024-01-01,2024-12-31,A+,2,NCR,2025-05-22,0.0,13730.844139977373,594.0063705384441,13730.844139977373,720.904616458682,13009.939523518691,0.0,0.0,0.0,0.0,0.0,0.0,0.0,3.0,2.0,0.0,0.0,,,
199938227,Stena International SA,2024-01-01,2024-12-31,BB,4,S&P,2023-09-20,1.0,14045.466445588683,4784.885243040427,14045.466445588683,4696.483113709769,9348.983331878915,0.0,1.0,1.0,0.0,0.0,0.0,0.0,2.0,7.0,0.0,,2402990.0,2330581.0,10297.0
199938241,Verisure Midholding AB,2024-01-01,2024-12-31,BB+,4,S&P,2025-10-21,1.0,5196.487,3440.841,5196.487,-4125.468,9321.955,0.0,1.0,0.0,0.0,0.0,0.0,0.0,2.0,3.0,0.0,0.0,161083.0,48140.0,4233.0
199938245,SiriusPoint Ltd.,2024-01-01,2024-12-31,BBB+,3,Fitch,2021-03-23,0.0,14317.4876263355,2725.2863605736748,12055.924535566424,1866.204639522566,10189.71989604386,1.0,1.0,0.0,0.0,0.0,0.0,0.0,2.0,9.0,0.0,0.0,,,
199938255,Compactor Fastigheter AB (publ),2024-01-01,2024-12-31,BBB-,3,Scope,2020-09-10,1.0,3378.087093114598,202.05951653722056,3378.087093114598,1393.2978444890541,1984.7892486255435,0.0,1.0,1.0,0.0,0.0,0.0,0.0,0.0,3.0,0.0,0.0,446.0,73.0,373.0
199938310,Sparbanken Skaraborg AB (publ),2024-01-01,2024-12-31,A-,2,NCR,2024-02-01,0.0,1620.4978619425851,75.9379527009341,1620.4978619425851,427.2240160572495,1193.2738458853357,0.0,0.0,0.0,0.0,0.0,0.0,1.0,2.0,4.0,0.0,0.0,171.2,0.0,
199938357,Transcom Holding AB (publ),2024-01-01,2024-12-31,B-,5,S&P,2025-04-17,1.0,617.539,746.206,617.539,59.882,557.657,0.0,1.0,0.0,0.0,0.0,0.0,0.0,1.0,7.0,0.0,0.0,43311.0,1574.0,7279.0
199938369,Indutrade AB (publ),2024-01-01,2024-12-31,BBB-,3,S&P,2021-03-29,1.0,10357.402129330703,2881.141460860472,3003.83977659483,1453.2681734880946,1550.5716031067354,1.0,1.0,1.0,0.0,0.0,0.0,0.0,4.0,4.0,0.0,,1088719.0,12445.0,12044.0
199938389,Banco Bilbao Vizcaya Argentaria S.A.,2024-01-01,2024-12-31,A,2,Fitch,2025-10-07,1.0,766851.047644,75438.0,772402.0,60014.0,712388.0,1.0,1.0,0.0,0.0,0.0,0.0,1.0,8.0,8.0,0.0,0.0,1393018.0,41856.0,198679.0
199938391,Investment AB Latour (publ),2024-01-01,2024-12-31,A,2,Fitch,2020-12-16,1.0,17429.867876778157,2300.375250894504,5859.062745440292,3834.715071123152,2024.3476743171398,1.0,1.0,1.0,0.0,0.0,0.0,0.0,3.0,5.0,0.0,,5712303.0,11798.0,9477.0
199938433,Sparbanken Mälardalen AB,2024-01-01,2024-12-31,A-,2,NCR,2022-05-27,0.0,1548.3613753381692,81.29252116240546,1548.3613753381692,142.3250719958118,1406.0363906100072,0.0,1.0,0.0,0.0,0.0,0.0,1.0,5.0,4.0,0.0,0.0,,,
199938433,Sparbanken Mälardalen AB,2025-01-01,2025-12-31,A-,2,NCR,2022-05-27,0.0,2769.65771843089,82.36880284618549,2769.65771843089,283.6232500115499,2486.0344684193396,0.0,1.0,0.0,0.0,0.0,0.0,1.0,5.0,5.0,0.0,0.0,,,
199938443,Platzer Fastigheter Holding AB,2024-01-01,2024-12-31,BBB-,3,NCR,2022-06-03,1.0,2591.794120254833,146.60965180207762,2794.0483462780476,1099.2233179160535,1694.8250283619939,1.0,1.0,1.0,0.0,0.0,0.0,0.0,1.0,5.0,0.0,0.0,18208.0,216.0,
199938447,Catena AB,2024-01-01,2024-12-31,BBB,3,Fitch,2024-10-16,1.0,4366.6401249672945,196.78855048433635,3890.9154376472816,2015.7954446286853,1875.1199930185965,1.0,1.0,1.0,0.0,0.0,0.0,0.0,3.0,4.0,1.0,1.0,63212.0,334.0,3282.0
199938502,Bayer AG,2024-01-01,2024-12-31,BBB,3,Fitch,2024-03-14,1.0,97805.0,48930.0,110850.0,32045.0,78805.0,1.0,1.0,1.0,0.0,0.0,0.0,0.0,10.0,12.0,1.0,0.0,11340000.0,1880000.0,1650000.0
199938563,AxFast AB,2024-01-01,2024-12-31,BBB,3,NCR,2022-05-30,0.0,2156.5075486517244,89.38380312418226,2156.5075486517244,1236.089274805835,920.4182738458895,0.0,1.0,1.0,0.0,0.0,0.0,0.0,3.0,3.0,0.0,0.0,,,
199938564,AB Bonnier Fastigheter Finans (publ),2024-01-01,2024-12-31,BBB-,3,NCR,2023-10-20,1.0,1958.0242604066761,87.70398813160001,1958.0242604066761,1029.4091980103021,928.6150623963739,0.0,0.0,0.0,0.0,0.0,0.0,0.0,1.0,5.0,0.0,0.0,1711.0,17.0,341.0
199938567,Alfa Laval AB,2024-01-01,2024-12-31,BBB+,3,S&P,2016-05-20,1.0,20817.907840911168,5963.260319399626,7749.629112488035,3689.850772318718,4059.7783401693177,1.0,1.0,1.0,0.0,0.0,0.0,0.0,3.0,6.0,0.0,0.0,49573628.0,16113.0,65086.0
199938568,Sandvik Treasury Aktiebolag (publ),2024-01-01,2024-12-31,BBB+,3,S&P,2024-11-13,1.0,29355.52840562017,10821.363120691209,16090.75835587755,8464.874770922457,7625.8835849550915,1.0,1.0,1.0,0.0,0.0,0.0,0.0,3.0,7.0,0.0,0.0,8348000.0,81000.0,205000.0
199938570,Fastighets AB Stenvalvet,2024-01-01,2024-12-31,BBB,3,NCR,2023-05-30,1.0,1472.0307182127651,95.38354132123266,1472.0307182127651,591.5001309014775,880.5305873112877,0.0,1.0,1.0,0.0,0.0,0.0,0.0,2.0,2.0,0.0,0.0,9541.0,89.0,983.0
199938639,Heba Fastighets Aktiebolag,2024-01-01,2024-12-31,BBB,3,NCR,2023-03-14,1.0,1145.2641591761985,51.22296884544922,1236.2683480233934,562.919713762111,673.3486342612824,1.0,1.0,1.0,0.0,0.0,0.0,0.0,3.0,2.0,0.0,0.0,1361.0,1.0,1170.0
199938681,Klarna Holding AB,2024-01-01,2024-12-31,BB+,4,S&P,2023-06-16,1.0,13290.339471158102,2787.2414695872367,13290.339471158102,2182.1275853041375,11108.211885853963,0.0,1.0,0.0,0.0,0.0,0.0,0.0,2.0,5.0,0.0,0.0,83744.0,69.0,504.0
199938691,Heimstaden Bostad AB (publ),2024-01-01,2024-12-31,BBB-,3,Fitch,2024-03-21,1.0,32560.083776944033,1413.9104633912273,32560.083776944033,13917.881141460923,18642.20263548311,0.0,1.0,1.0,0.0,0.0,0.0,0.0,3.0,6.0,0.0,0.0,274058.0,20485.0,160728.0
199938697,Epiroc Aktiebolag,2024-01-01,2024-12-31,BBB+,3,S&P,2018-12-05,1.0,23239.167697704965,5646.391482677397,7294.615586002302,3768.217121912924,3526.398464089378,1.0,1.0,1.0,0.0,0.0,0.0,0.0,6.0,7.0,1.0,0.0,6650000.0,30000.0,36000.0
199938707,Enity Bank Group AB (publ),2024-01-01,2024-12-31,Baa1,3,Moody,2025-06-04,0.0,2983.497687407292,216.54594641766394,2983.497687407292,229.94153067457998,2753.5561567327118,0.0,1.0,0.0,0.0,0.0,0.0,0.0,2.0,4.0,0.0,0.0,201.3,0.0,10.8
199938731,Pohjolan Voima,2024-01-01,2024-12-31,A+,2,JCRA,2018-02-06,1.0,2266.034,871.238,2266.034,1007.371,1258.663,0.0,1.0,1.0,1.0,0.0,0.0,0.0,3.0,6.0,1.0,,946.901,136.901,810.0
199938755,Allianz SE,2024-01-01,2024-12-31,Aa2,1,Moody,2023-09-26,1.0,208067.052577,35187.373,137155.898,43166.63,93989.267,1.0,0.0,0.0,0.0,0.0,0.0,1.0,5.0,7.0,0.0,0.0,48787954.8,17723.7,74180.8
199938770,Vodafone Group Plc,2024-01-01,2024-12-31,BBB,3,Fitch,2021-07-29,1.0,96559.465277,38877.0,128521.0,53916.0,74605.0,1.0,1.0,0.0,0.0,0.0,0.0,0.0,6.0,8.0,0.0,,7370000.0,270000.0,2070000.0
199938797,Telefonaktiebolaget L M Ericsson,2024-01-01,2024-12-31,BBB-,3,S&P,2020-11-18,1.0,43538.75857579215,22152.28204904452,25514.791866655145,8114.407888995586,17400.38397765956,1.0,1.0,1.0,0.0,0.0,0.0,0.0,4.0,11.0,0.0,0.0,18764572.0,17340.0,116454.0
199938853,Hörmann Industries GmbH,2024-01-01,2024-12-31,BB,4,Scope,2021-10-22,1.0,383.842,702.997,383.842,138.793,245.049,0.0,1.0,1.0,0.0,0.0,0.0,0.0,0.0,2.0,0.0,0.0,347265.0,14800.0,9750.0
199938860,Volkswagen AG,2024-01-01,2024-12-31,Baa1,3,Moody,2025-03-17,1.0,481726.059552,342049.0,632905.0,196731.0,436173.0,1.0,1.0,1.0,0.0,0.0,0.0,0.0,1.0,8.0,1.0,1.0,412080000.0,3000000.0,2600000.0
199938861,Sappi Papier Holding,2024-01-01,2024-12-31,BB,4,Fitch,2025-12-01,1.0,5113.402637404931,5253.633650976978,5973.625950524573,2481.4707864086936,3492.1551641158803,1.0,1.0,1.0,0.0,0.0,0.0,0.0,3.0,7.0,0.0,,7848772.0,3202668.0,1067332.0
199938861,Sappi Papier Holding,2025-01-01,2025-12-31,BB,4,Fitch,2025-12-01,1.0,3922.944680851057,4612.7659574468,5167.659574468076,1964.2553191489326,3203.404255319143,1.0,1.0,1.0,0.0,0.0,0.0,0.0,4.0,5.0,0.0,,8399998.0,3174735.0,1226469.0
199938867,H & M Hennes & Mauritz AB,2024-01-01,2024-12-31,BBB,3,S&P,2021-01-29,1.0,32952.04743267316,20540.012217471078,15726.85225586882,4032.725368705839,11694.126887162982,1.0,1.0,1.0,0.0,0.0,0.0,0.0,6.0,5.0,1.0,1.0,6996655.0,15102.0,364693.0
199938981,Ilija Batljan Invest AB,2024-01-01,2024-12-31,D,6,Scope,2025-09-01,0.0,193.4785757919548,2.82764639148269,193.4785757919548,55.19390871803847,138.28457980626644,0.0,1.0,1.0,0.0,0.0,0.0,0.0,2.0,1.0,0.0,0.0,,,
199939029,Mandatum Life Insurance Company Limited,2024-01-01,2024-12-31,A,2,S&P,2023-04-14,1.0,18703.381449,377.0,18052.7,1601.4,16451.3,1.0,1.0,0.0,0.0,0.0,0.0,0.0,2.0,4.0,0.0,0.0,1452.0,20.0,312.0
199939274,ALM Brand A/S,2024-01-01,2024-12-31,Baa1,3,Moody,2025-09-15,1.0,5849.661503928778,1762.0477888921682,4751.401217517235,1797.1787926734444,2954.2224248437906,1.0,1.0,0.0,0.0,0.0,0.0,0.0,4.0,5.0,0.0,0.0,259358.0,599.0,255.0
199939476,International Development Association,2024-01-01,2024-12-31,AAA,1,S&P,2016-09-21,0.0,232313.02339012342,2308.2106073731757,232313.02339012342,183175.47405910038,49137.54933102304,0.0,0.0,0.0,0.0,0.0,0.0,0.0,,,0.0,0.0,,,
199939476,International Development Association,2025-01-01,2025-12-31,AAA,1,S&P,2016-09-21,0.0,239037.4468085102,2013.6170212765921,239037.4468085102,173762.55319148905,65274.89361702116,0.0,0.0,0.0,0.0,0.0,0.0,0.0,,,0.0,0.0,,,
199939675,H. Lundbeck A/S,2024-01-01,2024-12-31,BBB-,3,S&P,2020-02-25,1.0,9567.034253265047,3040.306792887986,7639.786532221306,3353.5358953042487,4286.250636917058,1.0,1.0,1.0,0.0,0.0,0.0,0.0,4.0,7.0,1.0,0.0,156147.0,21853.0,11525.0
199939675,H. Lundbeck A/S,2025-01-01,2025-12-31,BBB-,3,S&P,2020-02-25,1.0,9203.631056782111,3324.719838262658,6969.433249876144,3334.225923496093,3635.207326380051,1.0,1.0,1.0,0.0,0.0,0.0,0.0,5.0,6.0,1.0,0.0,144624.0,20345.0,9807.0
199939682,Sörmlands Sparbank,2024-01-01,2024-12-31,A-,2,NCR,2024-10-02,0.0,1914.8174360764551,100.4500392704429,1914.8174360764551,377.18204031765595,1537.6353957587992,0.0,0.0,0.0,0.0,0.0,0.0,1.0,4.0,7.0,0.0,0.0,1073.1,5.2,29.1
199939732,Scandinavian Tobacco Group A/S,2024-01-01,2024-12-31,Baa3,3,Moody,2020-09-11,1.0,2064.50159564483,1257.8508407305117,2293.437743034141,1235.8872589771795,1057.5504840569615,1.0,1.0,1.0,0.0,0.0,1.0,0.0,2.0,7.0,0.0,,300600.0,12100.0,18600.0
199939868,Storskogen Group AB (publ),2024-01-01,2024-12-31,BB,4,S&P,2022-12-15,1.0,3645.955144427977,3069.377781656354,3768.217121912924,1815.7779910987078,1952.439130814216,1.0,1.0,1.0,0.0,0.0,0.0,0.0,1.0,6.0,0.0,,1520549.0,36560.0,8241.0
199939997,EQT AB,2024-01-01,2024-12-31,A-,2,S&P,2024-07-10,1.0,34941.648698,2804.5,11481.1,8096.0,3385.2,1.0,1.0,0.0,0.0,0.0,0.0,0.0,3.0,4.0,0.0,0.0,3038611.0,33.0,1269.0
199940003,Ahlstrom-Munksjö Holding 3 Oy,2024-01-01,2024-12-31,B-,5,S&P,2025-07-07,1.0,4171.2,3040.0,4171.2,563.3,3607.9,0.0,1.0,1.0,0.0,0.0,0.0,0.0,1.0,7.0,1.0,0.0,4138962.0,1092771.0,399132.0
199940020,CA Fastigheter Aktiebolag (publ),2024-01-01,2024-12-31,BBB-,3,NCR,2022-05-30,1.0,1636.9993891264583,113.90828169997434,1636.9993891264583,808.9051400645817,828.0941617942266,0.0,1.0,1.0,0.0,0.0,0.0,0.0,3.0,3.0,0.0,0.0,1816.482,8.997,1441.892
199940041,Resurs Bank AB,2024-01-01,2024-12-31,BBB-,3,NCR,2025-03-13,0.0,4730.931407627214,474.252727114061,4730.931407627214,676.8731128370744,4054.05829479014,0.0,1.0,0.0,1.0,0.0,0.0,1.0,1.0,7.0,0.0,0.0,,,
199940048,Elenia Verkko Oyj,2024-01-01,2024-12-31,BBB,3,Fitch,2026-03-03,0.0,2306.373,343.503,2306.373,-0.573,2306.946,0.0,1.0,1.0,0.0,0.0,0.0,0.0,1.0,7.0,0.0,,,,
199940056,Multitude AG,2024-01-01,2024-12-31,B+,5,Fitch,2020-04-03,0.0,1098.731,263.974,1098.731,193.753,904.978,0.0,1.0,0.0,0.0,0.0,0.0,1.0,3.0,2.0,0.0,0.0,106556.1,,168.6
199940244,S-Bank Plc,2024-01-01,2024-12-31,A-,2,S&P,2025-12-10,1.0,13249.625,701.272,13249.625,977.618,12272.007,0.0,1.0,0.0,0.0,0.0,0.0,1.0,3.0,5.0,0.0,0.0,817510.01,0.0,244.0
199940347,Stenhus Fastigheter i Norden AB (publ),2024-01-01,2024-12-31,BB,4,NCR,2022-05-30,0.0,1083.6503905227382,93.26197748494675,1228.6656776333068,516.8263373767368,711.8393402565702,1.0,1.0,1.0,0.0,0.0,0.0,0.0,1.0,5.0,0.0,,5274.85,134.76,9.63
199940357,International Petroleum Corporation,2024-01-01,2024-12-31,B1,5,Moody,2022-01-11,1.0,2287.6304321878833,786.0631437096904,1880.5294061026025,904.2930022138771,976.2364038887252,1.0,1.0,1.0,1.0,0.0,0.0,0.0,2.0,6.0,1.0,1.0,986427.0,784812.0,179676.0
200000986,Vasakronan AB (publ),2024-01-01,2024-12-31,A3,2,Moody,2018-05-07,1.0,17358.93184396552,840.474736015363,17358.93184396552,7217.121912906918,10141.809931058602,0.0,1.0,1.0,0.0,0.0,0.0,0.0,5.0,3.0,1.0,0.0,33379.0,506.0,13548.0
200213858,Kommuninvest i Sverige AB,2024-01-01,2024-12-31,AAA,1,S&P,2011-06-30,1.0,53522.55868749479,2073.8895191552583,53522.55868749479,1039.9424033510825,52482.6162841437,0.0,0.0,0.0,0.0,0.0,0.0,0.0,4.0,5.0,0.0,0.0,18.0,,18.0
200216458,DSB,2024-01-01,2024-12-31,Aa1,1,Moody,2023-05-15,1.0,2693.0193890959827,1623.4010029767508,2693.0193890959827,839.9259835340189,1853.0934055619637,0.0,1.0,1.0,0.0,0.0,0.0,0.0,5.0,4.0,0.0,0.0,381040.0,116680.0,18830.0
200216458,DSB,2025-01-01,2025-12-31,Aa1,1,Moody,2023-05-15,1.0,2636.3989342473424,1640.4022011273391,2636.3989342473424,898.9275529194381,1737.471381327904,0.0,1.0,1.0,0.0,0.0,0.0,0.0,4.0,5.0,1.0,0.0,394450.0,114040.0,17190.0
200319745,Industrivärden AB (publ),2024-01-01,2024-12-31,A+,2,S&P,2018-05-11,1.0,13879.21970529721,754.6033685312889,14612.444366873266,13891.089972947091,721.3543939261748,1.0,1.0,1.0,0.0,0.0,0.0,0.0,3.0,6.0,0.0,0.0,40.0,13.0,
200348788,KfW Bankengruppe,2024-01-01,2024-12-31,AAA,1,Scope,2017-06-01,1.0,545366.0,21874.0,545366.0,39573.0,505793.0,0.0,1.0,0.0,0.0,0.0,0.0,0.0,3.0,3.0,0.0,0.0,144592421.0,3917.0,11627.0
200424808,Goldman Sachs International,2024-01-01,2024-12-31,A+,2,Fitch,2020-04-22,0.0,1613217.8265473044,122103.18606218076,1613217.8265473044,117428.04889787236,1495789.777649432,0.0,1.0,0.0,0.0,0.0,0.0,0.0,5.0,9.0,0.0,0.0,,,
200431820,Landwirtschaftliche Rentenbank,2024-01-01,2024-12-31,AAA,1,Scope,2025-01-17,0.0,94958.0,3866.4,94958.0,1406.6,93551.4,0.0,0.0,0.0,0.0,0.0,0.0,0.0,4.0,11.0,0.0,0.0,833.6,540.1,0.0
200437519,Barclays Bank Plc,2024-01-01,2024-12-31,A+,2,S&P,2023-05-19,1.0,1469553.0524132252,49709.35140741448,1469553.0524132252,71419.95706601691,1398133.0953472082,0.0,1.0,0.0,0.0,0.0,0.0,1.0,4.0,6.0,0.0,0.0,,,
200437519,Barclays Bank Plc,2025-01-01,2025-12-31,A+,2,S&P,2023-05-19,1.0,1427312.6289250539,46344.258537703485,1427312.6289250539,71410.72656429074,1355901.9023607632,0.0,1.0,0.0,0.0,0.0,0.0,1.0,4.0,5.0,0.0,0.0,,,
200476441,Natwest Markets Plc,2024-01-01,2024-12-31,AA-,1,Fitch,2025-06-25,1.0,220900.1664294842,4017.2218336187493,220900.1664294842,8356.44853952096,212543.71788996324,0.0,1.0,0.0,0.0,0.0,0.0,1.0,3.0,4.0,0.0,0.0,,,
200476441,Natwest Markets Plc,2025-01-01,2025-12-31,AA-,1,Fitch,2025-06-25,1.0,192953.24318129758,4304.377721751095,192953.24318129758,7979.601191840489,184973.64198945707,0.0,1.0,0.0,0.0,0.0,0.0,1.0,3.0,2.0,0.0,0.0,,,
252230673,Islandsbanki hf (Íslandsbanki),2024-01-01,2024-12-31,BBB+,3,S&P,2024-04-04,1.0,11259.68033356497,1129.7289784572615,11173.085476025011,1579.951355107713,9593.134120917299,1.0,1.0,0.0,0.0,0.0,0.0,1.0,3.0,4.0,0.0,0.0,1003.9,4.1,49.5
252230673,Islandsbanki hf (Íslandsbanki),2025-01-01,2025-12-31,BBB+,3,S&P,2024-04-04,1.0,12093.46085988451,1048.0027173913043,11740.129076086956,1530.9714673913043,10209.157608695652,1.0,1.0,0.0,0.0,0.0,0.0,1.0,3.0,4.0,0.0,0.0,1093.0,2.0,46.0
252536604,Commerzbank AG,2024-01-01,2024-12-31,A,2,S&P,2024-11-08,1.0,537564.843512,25718.0,554646.0,35716.0,518930.0,1.0,1.0,0.0,0.0,0.0,0.0,1.0,12.0,14.0,1.0,0.0,74740162.0,351909.0,76019.0
260000039,Tele2 AB,2024-01-01,2024-12-31,BBB,3,S&P,2018-12-04,1.0,10296.459545684662,2618.640370014847,5623.78916135791,1928.3532594467317,3695.4359019111785,1.0,1.0,0.0,0.0,0.0,0.0,0.0,4.0,4.0,0.0,,255785.0,1394.0,50712.0
260000209,Ayvens Bank N.V.,2024-01-01,2024-12-31,A1,2,Moody,2023-06-07,0.0,23509.689,1010.331,23509.689,4570.731,18938.958,0.0,1.0,0.0,0.0,0.0,0.0,0.0,2.0,5.0,0.0,0.0,,,
260000334,Borgo AB (publ),2024-01-01,2024-12-31,Baa2,3,Moody,2022-01-18,1.0,3833.1093463653197,143.66000523605965,3833.1093463653197,228.11763679204222,3604.9917095732776,0.0,0.0,0.0,0.0,0.0,0.0,0.0,2.0,8.0,0.0,1.0,9981.0,0.0,2.0
260002713,Novo Nordisk A/S,2024-01-01,2024-12-31,AA,1,S&P,2025-05-19,1.0,415856.901499102,39770.57577301621,62435.30263616622,19239.722170076984,43195.58046608924,1.0,1.0,1.0,0.0,0.0,0.0,0.0,6.0,6.0,0.0,,2261000.0,85000.0,174000.0
260002713,Novo Nordisk A/S,2025-01-01,2025-12-31,AA,1,S&P,2025-05-19,1.0,240996.66617574176,42673.486055510126,72688.3476817201,25980.6664970745,46707.681184645604,1.0,1.0,1.0,0.0,0.0,0.0,0.0,6.0,4.0,0.0,,2690000.0,120000.0,198000.0
260002879,Coloplast A/S,2024-01-01,2024-12-31,BBB+,3,S&P,2024-06-04,1.0,27723.818284212528,3657.915202874846,6446.002842661381,2405.8033200139475,4040.1995226474332,1.0,1.0,1.0,0.0,0.0,0.0,0.0,3.0,6.0,0.0,,206599.0,17514.0,31427.0
260002891,Vår Energi ASA,2024-01-01,2024-12-31,BBB,3,S&P,2022-05-12,1.0,27780.64146501098,7171.100202136852,21049.344498989245,801.3360284916713,20248.008470497574,1.0,1.0,1.0,1.0,0.0,0.0,0.0,6.0,6.0,1.0,0.0,35322610.0,320859.0,11242.0
260002917,VR-Group Plc,2024-01-01,2024-12-31,A+,2,S&P,2018-05-22,1.0,2310.998,1398.885,2310.998,1262.972,1048.026,0.0,1.0,1.0,0.0,0.0,0.0,0.0,3.0,4.0,0.0,,280621.0,48981.0,29856.0
260003028,Preem Holding AB (publ),2024-01-01,2024-12-31,Ba3,4,Moody,2024-01-17,1.0,4208.8314861680965,12503.098001570874,4208.8314861680965,2415.0449428397,1793.7865433283962,0.0,1.0,1.0,1.0,0.0,0.0,0.0,1.0,7.0,1.0,0.0,52518750.0,1942000.0,51000.0
260003089,Vonovia SE,2024-01-01,2024-12-31,BBB+,3,Fitch,2024-03-28,1.0,86233.896,7957.3,90236.3,28126.9,62109.4,1.0,1.0,1.0,0.0,0.0,0.0,0.0,5.0,5.0,0.0,0.0,1908256.0,548394.0,341016.0
260003099,TDC NET A/S,2024-01-01,2024-12-31,BB,4,Fitch,2022-05-17,1.0,4626.967738475158,907.9084984848088,4626.967738475158,305.4520099761327,4321.5157284990255,0.0,1.0,0.0,0.0,0.0,0.0,0.0,5.0,4.0,1.0,0.0,92689.0,7369.0,13544.0
260003318,ABB Ltd,2024-01-01,2024-12-31,A,2,S&P,2024-03-28,1.0,120605.44807007372,31818.269323322642,38779.47829434967,14429.685244008038,24349.79305034163,1.0,1.0,1.0,0.0,0.0,0.0,0.0,3.0,7.0,1.0,0.0,392437000.0,119000.0,286000.0
260003318,ABB Ltd,2025-01-01,2025-12-31,A,2,S&P,2024-03-28,1.0,139591.782989787,28715.744680851014,38199.999999999935,14166.808510638273,24033.19148936166,1.0,1.0,1.0,0.0,0.0,0.0,0.0,4.0,6.0,1.0,0.0,425444000.0,119000.0,255000.0
260003481,AstraZeneca PLC,2024-01-01,2024-12-31,A+,2,S&P,2024-07-26,1.0,254822.41897198878,52731.73548945983,100139.57069977828,39340.6487631147,60798.92193666358,1.0,1.0,1.0,0.0,0.0,0.0,0.0,7.0,8.0,0.0,0.0,5855807.0,125386.0,217026.0
260003481,AstraZeneca PLC,2025-01-01,2025-12-31,A+,2,S&P,2024-07-26,1.0,287267.5244153186,50621.27659574459,97084.25531914877,41462.97872340418,55621.27659574458,1.0,1.0,1.0,0.0,0.0,0.0,0.0,7.0,7.0,0.0,0.0,6271593.0,62587.0,241023.0
260003631,Luminor Bank AS,2024-01-01,2024-12-31,A2,2,Moody,2024-10-07,1.0,15723.7,923.9,15723.7,1686.4,14037.3,0.0,1.0,0.0,0.0,0.0,0.0,1.0,4.0,5.0,0.0,0.0,3038494.0,31.0,2519.0
260003730,KRUK S.A.,2024-01-01,2024-12-31,BB-,4,S&P,2023-03-13,1.0,3550.6712407017544,519.2388304093568,2724.8839766081874,1059.334970760234,1665.5490058479531,1.0,1.0,0.0,0.0,0.0,0.0,1.0,4.0,3.0,0.0,0.0,47136.0,2357.0,1305.0
260003789,SGL Group ApS,2024-01-01,2024-12-31,B,5,S&P,2023-06-22,1.0,2305.0,2394.0,2305.0,832.0,1473.0,0.0,1.0,1.0,0.0,0.0,0.0,0.0,0.0,6.0,0.0,0.0,1829678.0,7444.0,3124.0
260003789,SGL Group ApS,2025-01-01,2025-12-31,B,5,S&P,2023-06-22,1.0,2327.0,2552.0,2327.0,669.0,1658.0,0.0,1.0,1.0,0.0,0.0,0.0,0.0,0.0,6.0,0.0,0.0,2025989.0,7969.0,3070.0
260003987,RWE AG,2024-01-01,2024-12-31,Baa2,3,Moody,2021-04-15,1.0,86117.0,32487.0,98440.0,33623.0,64817.0,1.0,1.0,1.0,1.0,0.0,1.0,0.0,6.0,14.0,1.0,0.0,75401994.0,53242042.0,392956.0
260003994,National Grid PLC,2024-01-01,2024-12-31,BBB,3,Fitch,2021-08-31,1.0,139225.94397597603,22706.770544393217,128732.00028944237,45618.56291758115,83113.43737186122,1.0,1.0,1.0,0.0,0.0,0.0,0.0,4.0,7.0,0.0,,35767000.0,4467000.0,2955000.0
260004245,Securitas Treasury Ireland Designated Activity Company,2024-01-01,2024-12-31,BBB,3,S&P,2024-02-14,1.0,13589.107023213257,14177.851470459964,10785.234313639983,3724.5832969718294,7060.651016668153,1.0,1.0,0.0,0.0,0.0,0.0,0.0,4.0,7.0,0.0,0.0,1647515.0,119062.0,
260004735,Euroclear: TRATON FINANCE LUXEMBOURG S.A.,2024-01-01,2024-12-31,Baa2,3,Moody,2022-03-29,0.0,62045.203762,49538.0,65548.0,17844.0,47704.0,1.0,1.0,1.0,0.0,0.0,0.0,0.0,7.0,13.0,1.0,0.0,354997599.0,248370.0,354674.0
260004739,Ferrovial SE,2024-01-01,2024-12-31,BBB,3,Fitch,2023-06-23,1.0,50184.346011,9148.0,28999.0,8120.0,20879.0,1.0,1.0,1.0,1.0,0.0,0.0,0.0,4.0,8.0,1.0,0.0,2219535.0,307233.0,68654.0
260004739,Ferrovial SE,2025-01-01,2025-12-31,BBB,3,Fitch,2023-06-23,1.0,60361.022286,9627.0,27420.0,7665.0,19755.0,1.0,1.0,1.0,1.0,0.0,0.0,0.0,3.0,8.0,1.0,1.0,2200156.0,283004.0,66789.0
260004949,Aktieselskabet Schouw & Co.,2024-01-01,2024-12-31,BBB,3,Scope,2023-09-05,1.0,3792.003003566739,4677.6529271366935,3770.951218858112,1640.2960658639292,2130.6551529941826,1.0,1.0,1.0,0.0,0.0,0.0,0.0,1.0,5.0,1.0,0.0,10159213.0,92830.0,133610.0
260004966,Sparbanken Alingsås Ab (Publ),2024-01-01,2024-12-31,A-,2,NCR,2024-01-12,0.0,1881.5524914914126,102.08857666463088,1881.5524914914126,424.53390348198116,1457.0185880094316,0.0,1.0,0.0,0.0,0.0,0.0,1.0,4.0,5.0,0.0,0.0,,,
260005036,VISA Inc.,2024-01-01,2024-12-31,AA-,1,S&P,2018-11-20,1.0,619999.0903840581,31693.13697179699,90972.182115699,37671.57570507255,53300.60641062645,1.0,1.0,0.0,0.0,0.0,0.0,0.0,4.0,7.0,0.0,,626697.0,13510.0,73448.0
260005042,SAP SE,2024-01-01,2024-12-31,A1,2,Moody,2024-03-20,1.0,318731.0,35605.0,74237.0,45806.0,28431.0,1.0,1.0,0.0,0.0,0.0,0.0,0.0,7.0,12.0,1.0,0.0,6868000.0,109000.0,120000.0
260005042,SAP SE,2025-01-01,2025-12-31,A1,2,Moody,2024-03-20,1.0,281288.0,38711.0,70361.0,45073.0,25288.0,1.0,1.0,0.0,0.0,0.0,0.0,0.0,6.0,13.0,1.0,1.0,6357000.0,92000.0,90000.0
260005043,Kering SA,2024-01-01,2024-12-31,BBB+,3,S&P,2024-10-29,1.0,57021.000359,17194.0,43346.0,15730.0,27616.0,1.0,1.0,1.0,0.0,0.0,0.0,0.0,7.0,6.0,1.0,1.0,2159908.0,31052.0,131097.0
260005045,ADOBE INC.,2024-01-01,2024-12-31,A+,2,S&P,2021-07-16,0.0,195930.42737510765,20699.778611993388,29098.08451246501,13576.860140533212,15521.2243719318,1.0,1.0,0.0,0.0,0.0,0.0,0.0,4.0,7.0,0.0,,523411.0,7218.0,63296.0
260005045,ADOBE INC.,2025-01-01,2025-12-31,A+,2,S&P,2021-07-16,0.0,131880.40425531892,20228.936170212728,25102.97872340421,9891.914893617004,15211.063829787206,1.0,1.0,0.0,0.0,0.0,0.0,0.0,4.0,7.0,0.0,,,,
260005063,Elevance Health Inc,2024-01-01,2024-12-31,BBB+,3,Fitch,2025-12-31,1.0,153412.512740398,168643.75782077143,112512.27259601465,39874.86764847422,72637.40494754043,1.0,1.0,0.0,0.0,0.0,0.0,0.0,5.0,6.0,0.0,,6509255.0,14390.0,84429.0
260005070,Keysight Technologies Inc,2024-01-01,2024-12-31,BBB+,3,Fitch,2023-09-13,1.0,30783.27172971402,4870.536143998444,8921.936663778968,4913.851188757323,4008.0854750216445,1.0,1.0,0.0,0.0,0.0,0.0,0.0,3.0,8.0,0.0,,2635830.0,13298.0,82172.0
260005071,Microsoft Corporation,2024-01-01,2024-12-31,AAA,1,S&P,2015-08-18,1.0,3250275.9437866868,235943.7866974677,492985.8504187105,258424.29492732615,234561.55549138435,1.0,1.0,0.0,0.0,0.0,0.0,0.0,5.0,7.0,0.0,0.0,15542600.0,143510.0,9955368.0
260005579,Assemblin Caverion Group AB,2024-01-01,2024-12-31,B,5,Fitch,2024-07-01,1.0,3919.53922680864,3667.0954708089876,3919.53922680864,875.7308665677673,3043.8083602408724,0.0,1.0,1.0,0.0,0.0,0.0,0.0,0.0,5.0,0.0,0.0,3710450.0,31491.0,4104.0
260005605,Swisscom Finance B.V.,2024-01-01,2024-12-31,A-,2,S&P,2025-01-09,1.0,55349.55376115588,11893.32766680831,40209.30726731825,12913.302167445792,27582.87292817675,1.0,1.0,0.0,0.0,0.0,0.0,0.0,3.0,6.0,0.0,0.0,901602.0,20652.0,139246.0
260005605,Swisscom Finance B.V.,2025-01-01,2025-12-31,A-,2,S&P,2025-01-09,1.0,64858.29289241977,16197.122611122979,38676.18638608532,13139.360103070596,25536.82628301472,1.0,1.0,0.0,0.0,0.0,0.0,0.0,4.0,6.0,0.0,0.0,818730.0,16688.0,127470.0
260005636,Sveafastigheter AB (publ),2024-01-01,2024-12-31,BBB-,3,Fitch,2025-04-07,0.0,1869.4475957762543,124.70547168164818,2537.9177938738226,1295.4009948512146,1242.516799022608,1.0,1.0,1.0,0.0,0.0,0.0,0.0,2.0,4.0,0.0,,27092.0,548.0,4935.0
260005660,Multitude Capital Oyj,2024-01-01,2024-12-31,B+,5,Fitch,2024-06-13,0.0,1098.731,263.974,1098.731,193.753,904.978,0.0,1.0,0.0,0.0,0.0,0.0,1.0,3.0,2.0,0.0,0.0,106556.1,,168.6
260005685,Novonesis A/S,2024-01-01,2024-12-31,A-,2,S&P,2026-03-20,1.0,29620.361347,3888.6,15195.6,11176.0,4019.6,1.0,1.0,1.0,0.0,0.0,0.0,0.0,4.0,7.0,1.0,0.0,1378358.0,93549.0,351812.0
260005685,Novonesis A/S,2025-01-01,2025-12-31,A-,2,S&P,2026-03-20,1.0,31063.006072,4209.7,16349.1,10855.2,5493.9,1.0,1.0,1.0,0.0,0.0,0.0,0.0,4.0,8.0,1.0,0.0,1347668.0,106896.0,334747.0
260005881,The Walt Disney Company,2024-01-01,2024-12-31,A,2,S&P,2024-12-02,1.0,285146.4154394061,87940.12898257744,188871.8837231681,101570.8922899217,87300.99143324643,1.0,1.0,0.0,0.0,0.0,0.0,0.0,4.0,7.0,0.0,,1493816.0,921163.0,745985.0
260005881,The Walt Disney Company,2025-01-01,2025-12-31,A,2,S&P,2024-12-02,0.0,244951.0244629783,80361.70212765943,168097.02127659545,97542.1276595743,70554.89361702115,1.0,1.0,0.0,0.0,0.0,0.0,0.0,4.0,6.0,0.0,,,,
260005893,UnitedHealth Group Incorporated,2024-01-01,2024-12-31,a-,2,AMBest,2026-03-20,1.0,633750.4868331868,385290.21079988324,287109.4426797565,94588.50707479034,188359.80363846314,1.0,1.0,0.0,0.0,0.0,0.0,0.0,3.0,7.0,0.0,0.0,18349044.0,105782.0,352988.0
260005897,Thermo Fisher Scientific Inc,2024-01-01,2024-12-31,A-,2,Fitch,2025-05-28,1.0,234895.1628761182,42311.09827702364,93676.96602175347,47695.63961882745,45981.326402926024,1.0,1.0,0.0,0.0,0.0,0.0,0.0,5.0,7.0,0.0,0.0,8958670.0,315843.0,451682.0
260005954,McCormick & Company Inc,2024-01-01,2024-12-31,BBB,3,S&P,2017-08-09,1.0,26811.38112811619,6471.941476561727,12580.902878044044,5117.720666089116,7463.182211954928,1.0,1.0,1.0,0.0,0.0,0.0,0.0,5.0,7.0,0.0,,4134076.0,38855.0,94185.0
260005954,McCormick & Company Inc,2025-01-01,2025-12-31,BBB,3,S&P,2017-08-09,0.0,21884.37726382975,5821.531914893607,11234.382978723384,4909.021276595736,6325.361702127649,1.0,1.0,1.0,0.0,0.0,0.0,0.0,5.0,6.0,0.0,,,,
260005970,Oracle Corporation,2024-01-01,2024-12-31,BBB,3,Fitch,2022-11-07,1.0,590761.9048994109,50977.957455000316,162056.98334777117,20183.848301087623,141873.13504668354,1.0,1.0,0.0,0.0,0.0,0.0,0.0,4.0,9.0,0.0,0.0,801600.0,15200.0,
260005971,FISERV INC.,2024-01-01,2024-12-31,BBB,3,S&P,2016-08-13,0.0,202655.9630378278,19690.056790836396,74286.26431802844,26649.340648763027,47636.923669265416,1.0,1.0,0.0,0.0,0.0,0.0,0.0,3.0,6.0,,,,,
260006665,Samara Asset Group PLC,2024-01-01,2024-12-31,B-,5,Scope,2025-07-14,0.0,270.018773,10.58152,287.409581,234.963362,52.446219,0.0,1.0,0.0,0.0,0.0,0.0,0.0,0.0,2.0,0.0,0.0,,,
811413682,Elopak ASA,2024-01-01,2024-12-31,BBB-,3,NCR,2024-05-08,1.0,1733.569461,1174.882,1055.411,352.652,702.759,1.0,1.0,1.0,0.0,0.0,0.0,0.0,3.0,4.0,0.0,0.0,758030.0,4379.0,23312.0
816793432,Tolga-Os Sparebank,2024-01-01,2024-12-31,BBB+,3,NCR,2024-09-30,0.0,545.1203052140738,34.66197541331073,545.1203052140738,67.16990250105978,477.950402713014,0.0,0.0,0.0,0.0,0.0,0.0,1.0,2.0,3.0,0.0,0.0,38.763,3.765,14.384
817244742,Voss Veksel- og Landmandsbank ASA,2024-01-01,2024-12-31,BBB+,3,NCR,2024-08-29,0.0,543.0126087325139,32.2889359898262,550.4767274268759,65.82433234421366,484.65239508266217,1.0,1.0,0.0,0.0,0.0,0.0,1.0,3.0,2.0,0.0,0.0,,,
819731322,NorgesGruppen ASA,2024-01-01,2024-12-31,A-,2,NCR,2025-06-04,1.0,6625.349554896143,10074.412886816448,6625.349554896143,2744.412293344638,3880.937261551505,0.0,1.0,1.0,0.0,0.0,0.0,0.0,5.0,5.0,0.0,0.0,4195062.0,10958.0,34635.0
832554332,Sparebanken Norge,2024-01-01,2024-12-31,Aa3,1,Moody,2021-09-28,1.0,27762.05952149216,1728.868164476473,28670.36880033913,2226.451886392539,26443.91691394659,1.0,1.0,0.0,0.0,0.0,0.0,1.0,6.0,4.0,0.0,0.0,1270851.4,13.6,52.8
837884942,SpareBank 1 Østfold Akershus,2024-01-01,2024-12-31,A,2,NCR,2022-05-27,0.0,2466.4394234845277,175.498092412039,2494.362017804154,427.0453582026283,2067.316659601526,1.0,1.0,0.0,0.0,0.0,0.0,1.0,4.0,4.0,0.0,0.0,26722.6,0.0,30.4
837889812,Skue Sparebank,2024-01-01,2024-12-31,A-,2,NCR,2023-11-09,1.0,1743.396595930479,107.97905892327258,1952.9411615091142,263.80305214073763,1689.1381093683765,1.0,0.0,0.0,0.0,0.0,0.0,1.0,3.0,5.0,0.0,0.0,18914.0,27.91,17.44
837895502,Haugesund Sparebank,2024-01-01,2024-12-31,A-,2,NCR,2026-02-27,0.0,1214.7033488766426,81.08935989826197,1361.8902077151336,176.94523103009752,1184.9449766850362,1.0,0.0,0.0,0.0,0.0,0.0,1.0,4.0,3.0,0.0,0.0,18059.771,8.241,10.341
879904412,Østfold Energi AS,2024-01-01,2024-12-31,BBB+,3,Scope,2023-11-10,1.0,385.02128020347607,93.54073760067826,385.02128020347607,237.09809241203902,147.92327257312422,0.0,1.0,1.0,0.0,0.0,0.0,0.0,4.0,3.0,0.0,0.0,15456.0,3708.0,230.0
880309102,Eviny AS,2024-01-01,2024-12-31,A-,2,Scope,2023-09-29,1.0,3692.666384061043,941.839762611276,3692.666384061043,1219.92369648156,2472.742687579483,0.0,1.0,1.0,1.0,0.0,0.0,0.0,3.0,5.0,1.0,1.0,227299.0,4199.0,8989.0
885621252,Eika Boligkreditt AS,2024-01-01,2024-12-31,A3,2,Moody,2023-10-31,1.0,10730.463925392116,571.8088172954642,10730.463925392116,559.7736328952947,10170.690377278508,0.0,0.0,0.0,0.0,0.0,0.0,0.0,3.0,3.0,0.0,0.0,12120.5,4.7,1.1
886581432,Aker ASA,2024-01-01,2024-12-31,BBB-,3,Scope,2022-08-17,0.0,7200.56975828741,1629.334463755829,9187.282746926665,5444.679949130988,3742.6027977956765,1.0,1.0,1.0,1.0,0.0,0.0,0.0,4.0,5.0,1.0,0.0,16264225.0,440465.0,16304.0
910747711,Orkla ASA,2024-01-01,2024-12-31,A-,2,Scope,2022-01-10,1.0,11601.5260703688,6046.290801186944,7627.469266638406,4355.404832556168,3272.064434082238,1.0,1.0,1.0,0.0,0.0,0.0,0.0,4.0,6.0,1.0,0.0,6582568.0,108116.0,46925.0
911382008,Elkem ASA,2024-01-01,2024-12-31,BBB-,3,Scope,2024-12-20,1.0,3265.930415854176,1609.410767274269,4530.055108096652,2206.019499788046,2323.95082662145,1.0,1.0,1.0,0.0,0.0,0.0,0.0,4.0,7.0,1.0,1.0,11530000.0,2030000.0,1160000.0
911608103,Felleskjøpet Agri SA,2024-01-01,2024-12-31,BBB-,3,Scope,2022-01-25,1.0,1083.1663416701992,1810.2016956337432,1083.1663416701992,342.68300127172535,740.483340398474,0.0,1.0,1.0,0.0,0.0,0.0,0.0,7.0,5.0,1.0,0.0,1918370.0,40264.0,3109.0
911986884,OBOS-banken AS,2024-01-01,2024-12-31,A3,2,Moody,2021-01-29,0.0,6215.769393810937,346.7571004662993,6215.769393810937,401.6956337431115,5814.073760067826,0.0,1.0,0.0,0.0,0.0,0.0,0.0,3.0,3.0,0.0,0.0,10848.0,0.0,25.0
914594685,Olav Thon Eiendomsselskap ASA,2024-01-01,2024-12-31,Baa2,3,Moody,2021-02-16,1.0,4582.25622009326,441.7973717676982,5346.163628656211,2716.829164900382,2629.2496820686733,1.0,1.0,1.0,0.0,0.0,0.0,0.0,3.0,3.0,0.0,0.0,23925.0,51.0,3362.0
914778271,Norsk Hydro ASA,2024-01-01,2024-12-31,Baa2,3,Moody,2024-06-07,1.0,19123.599874099196,17400.339126748622,17581.26324713862,9109.96184824078,8471.301398897838,1.0,1.0,1.0,0.0,0.0,0.0,0.0,4.0,7.0,1.0,0.0,21770000.0,5650000.0,3320000.0
914778271,Norsk Hydro ASA,2025-01-01,2025-12-31,Baa2,3,Moody,2024-06-07,1.0,21521.97630718567,17629.90796250949,17588.111120493108,9042.97897492189,8545.132145571219,1.0,1.0,1.0,0.0,0.0,0.0,0.0,5.0,6.0,1.0,0.0,21490000.0,5440000.0,3310000.0
914864445,BN Bank ASA,2024-01-01,2024-12-31,A-,2,Scope,2019-08-08,1.0,4452.564646036456,285.54472233997456,4452.564646036456,602.797795676134,3849.766850360322,0.0,0.0,0.0,0.0,0.0,0.0,0.0,5.0,6.0,0.0,0.0,8413.47,0.0,7.89
915174388,SR-Boligkreditt AS,2024-01-01,2024-12-31,A1,2,Moody,2022-12-12,1.0,40841.69890267063,2229.334463755829,40638.91479440441,4462.65366680797,36176.26112759644,1.0,1.0,0.0,0.0,0.0,0.0,1.0,5.0,5.0,0.0,0.0,1276278.0,37.0,193.0
915636756,Haugaland Kraft AS,2024-01-01,2024-12-31,A-,2,Scope,2023-10-25,1.0,1622.2428147520136,329.79186095803306,1622.2428147520136,948.7422636710471,673.5005510809665,0.0,1.0,1.0,0.0,0.0,0.0,0.0,4.0,5.0,0.0,,4270.0,1517.0,2445.0
915691161,Rogaland Sparebank,2024-01-01,2024-12-31,A-,2,Scope,2021-05-05,1.0,3270.6610060195,207.66324713861806,3366.019584569733,362.7300551080967,3003.2895294616364,1.0,1.0,0.0,0.0,0.0,0.0,1.0,4.0,4.0,0.0,0.0,64702.4,0.0,12.5
916300484,Storebrand ASA,2024-01-01,2024-12-31,BBB+,3,S&P,2022-06-11,1.0,86391.88545459941,1748.3679525222553,84511.31835523527,2722.594319626961,81788.7240356083,1.0,1.0,0.0,0.0,0.0,0.0,1.0,5.0,5.0,0.0,0.0,2584600.0,8.0,152.0
916435711,Sunnhordland Kraftlag AS,2024-01-01,2024-12-31,BBB+,3,Scope,2022-11-28,1.0,649.2746078846969,165.83747350572278,649.2746078846969,300.5528613819415,348.7217465027554,0.0,1.0,1.0,0.0,0.0,0.0,0.0,3.0,5.0,1.0,0.0,2905.0,155.0,1083.0
917206813,Helgeland Kraft AS,2024-01-01,2024-12-31,BBB,3,Scope,2023-06-30,1.0,517.536244171259,190.8950402713014,517.536244171259,242.7927935565918,274.74345061466727,0.0,1.0,1.0,0.0,0.0,0.0,0.0,3.0,4.0,1.0,0.0,993.0,350.0,248.0
917445060,Norske Tog AS,2024-01-01,2024-12-31,AA-,1,S&P,2025-09-09,1.0,1233.6880881729546,134.39270877490463,1233.6880881729546,317.39381093683767,916.2941924544299,0.0,0.0,0.0,0.0,0.0,0.0,0.0,3.0,3.0,0.0,0.0,37228.0,24449.0,6688.0
918012745,Ferde AS,2024-01-01,2024-12-31,AA+,1,Scope,2024-11-25,1.0,2489.843569987283,416.4124316235693,2489.843569987283,4.620432132259432,2485.2231378550237,0.0,0.0,1.0,0.0,0.0,0.0,0.0,4.0,4.0,0.0,0.0,50.246,0.0,18.668
920171540,Veas Selvkost AS,2024-01-01,2024-12-31,AAA,1,NCR,2024-09-12,0.0,170.9650627384485,44.614363798219586,170.9650627384485,67.50782009325985,103.45724264518864,0.0,1.0,1.0,0.0,0.0,0.0,0.0,4.0,5.0,0.0,,26308.0,6099.0,830.0
920237126,Atea ASA,2024-01-01,2024-12-31,BBB+,3,NCR,2023-09-19,1.0,2761.942412039,2934.1246290801187,1789.65663416702,374.98940228910556,1414.6672318779144,1.0,1.0,1.0,0.0,0.0,0.0,0.0,4.0,5.0,0.0,0.0,997993.0,3317.0,2069.0
920426530,SpareBank 1 Østlandet,2024-01-01,2024-12-31,Aa3,1,Moody,2020-03-05,1.0,17445.853773632894,1094.7859262399322,17852.225519287833,2222.3823654090716,15629.843153878763,1.0,1.0,0.0,0.0,0.0,0.0,1.0,4.0,5.0,0.0,0.0,2018461.3,13.7,252.5
920596509,Hafslund AS,2024-01-01,2024-12-31,A,2,Scope,2025-06-04,1.0,8123.018228062739,1248.3255616786776,8123.018228062739,4063.586265366681,4059.431962696058,0.0,1.0,1.0,1.0,0.0,0.0,0.0,3.0,5.0,1.0,0.0,330244.0,232600.0,9500.0
921563108,Public Property Invest ASA,2024-01-01,2024-12-31,BBB+,3,Fitch,2025-11-10,1.0,1011.5303094531581,58.58414582450191,1011.5303094531581,484.4425604069521,527.1725307333617,0.0,1.0,1.0,0.0,0.0,0.0,0.0,2.0,3.0,0.0,0.0,418.1,0.1,418.0
921896328,Axactor ASA,2024-01-01,2024-12-31,B-,5,S&P,2024-11-26,0.0,1028.5467,288.643,1265.691,331.674,934.017,1.0,1.0,0.0,0.0,0.0,0.0,1.0,2.0,3.0,0.0,0.0,,,
922828172,Tensio AS,2024-01-01,2024-12-31,A-,2,Scope,2020-11-25,0.0,1093.484442560407,234.28122085629505,1093.484442560407,473.55387876218737,619.9305637982196,0.0,1.0,1.0,0.0,0.0,0.0,0.0,2.0,5.0,1.0,1.0,31657.1,1217.4,6913.5
923248579,Jotun A/S,2024-01-01,2024-12-31,A-,2,NCR,2025-01-27,1.0,2959.220008478169,3026.536668079695,2959.220008478169,1836.3713437897416,1122.7638830012718,0.0,1.0,1.0,0.0,0.0,0.0,0.0,5.0,5.0,0.0,0.0,4351061.0,32593.0,50880.0
923609016,Equinor ASA,2024-01-01,2024-12-31,AA-,1,S&P,2018-05-18,1.0,146809.75051304215,101719.12599865209,126230.62854942687,40793.14659736246,85437.48195206441,1.0,1.0,1.0,1.0,0.0,0.0,0.0,4.0,7.0,1.0,1.0,286535986.0,8331465.0,76333.0
923886931,Vegfinans Viken AS,2024-01-01,2024-12-31,AA,1,Scope,2024-11-19,0.0,997.8267910131412,40.13276812208563,997.8267910131412,0.256634167019924,997.5701568461213,0.0,0.0,0.0,0.0,0.0,0.0,0.0,2.0,3.0,0.0,0.0,,,
923888063,Vegfinans Innlandet AS,2024-01-01,2024-12-31,AA,1,Scope,2024-11-19,0.0,1008.6456304366258,47.70925553200509,1008.6456304366258,0.191074183976261,1008.4545562526495,0.0,0.0,0.0,0.0,0.0,0.0,0.0,1.0,2.0,0.0,0.0,,,
923888349,Vegfinans Vestfold og Telemark AS,2024-01-01,2024-12-31,AA,1,Scope,2024-11-19,0.0,768.5710046629928,31.534294192454432,768.5710046629928,0.123781263247139,768.4472233997457,0.0,0.0,0.0,0.0,0.0,0.0,0.0,2.0,3.0,0.0,0.0,,,
927124238,Tomra Systems ASA,2024-01-01,2024-12-31,A-,2,Scope,2022-06-23,1.0,4701.059965,1349.9,1661.1,636.4,1024.7,1.0,1.0,1.0,0.0,0.0,0.0,0.0,3.0,5.0,0.0,0.0,2374850.0,24806.0,6670.0
929975200,Austevoll Seafood ASA,2024-01-01,2024-12-31,BBB-,3,NCR,2023-06-01,1.0,3854.2398623993217,3094.531581178466,4716.829164900381,2515.218312844426,2173.37855023315,1.0,1.0,1.0,0.0,0.0,0.0,0.0,4.0,4.0,1.0,1.0,3131072.0,265331.0,18429.0
930869147,OBOS Eiendom AS,2024-01-01,2024-12-31,BBB-,3,NCR,2022-06-17,0.0,1692.8874099194575,76.83679525222553,1692.8874099194575,816.3196269605766,876.5677829588809,0.0,1.0,1.0,0.0,0.0,0.0,0.0,1.0,2.0,0.0,0.0,3156.0,,
933739384,Vend Marketplaces ASA,2024-01-01,2024-12-31,BBB+,3,Scope,2025-06-11,0.0,7323.384765154727,1251.4624841034338,3399.4913098770667,2755.74395930479,643.7473505722764,1.0,1.0,0.0,0.0,0.0,0.0,0.0,5.0,5.0,1.0,0.0,40589.0,7587.0,544.0
934763149,DNV Group AS,2024-01-01,2024-12-31,A,2,Scope,2023-02-02,1.0,3988.3086053412467,3008.58838490886,3988.3086053412467,2510.775752437474,1477.5413310724884,0.0,1.0,0.0,0.0,0.0,0.0,0.0,4.0,7.0,1.0,0.0,89600.0,5500.0,8100.0
935162718,Vegamot AS,2024-01-01,2024-12-31,AA,1,NCR,2025-06-10,0.0,915.095104620602,186.25596066129717,915.095104620602,0.330776600254345,914.7643280203476,0.0,0.0,0.0,0.0,0.0,0.0,0.0,3.0,3.0,0.0,0.0,,,
937052766,OBOS BBL,2024-01-01,2024-12-31,BBB-,3,NCR,2022-06-17,1.0,11801.017380245867,1653.1581178465453,11801.017380245867,3250.3603221704116,8550.657058075456,0.0,1.0,1.0,0.0,0.0,0.0,0.0,4.0,5.0,1.0,0.0,407197.3,496.3,979.0
937885199,Askim & Spydeberg Sparebank,2024-01-01,2024-12-31,A-,2,NCR,2024-05-29,0.0,1115.2319626960577,70.99279355659178,1115.2319626960577,153.4326409495549,961.7993217465028,0.0,0.0,0.0,0.0,0.0,0.0,1.0,4.0,3.0,0.0,0.0,46.41,0.0,14.002
937885644,Aurskog Sparebank,2024-01-01,2024-12-31,A-,2,NCR,2026-01-12,1.0,1521.2508041543028,98.41788893598984,1627.3190334887665,198.16752861381943,1429.151504874947,1.0,1.0,0.0,0.0,0.0,0.0,1.0,2.0,4.0,0.0,0.0,16783.969,1.563,8.534
937885911,Romerike Sparebank,2024-01-01,2024-12-31,A-,2,NCR,2024-11-12,0.0,1365.152973463332,101.7208139041967,1527.110046629928,192.88071216617212,1334.229334463756,1.0,1.0,0.0,0.0,0.0,0.0,1.0,3.0,4.0,0.0,0.0,50213.6,0.0,8.2
937886705,Grue Sparebank,2024-01-01,2024-12-31,BBB+,3,NCR,2024-10-24,0.0,391.8821534548538,25.76116998728275,391.8821534548538,53.01517592200085,338.8669775328529,0.0,0.0,0.0,0.0,0.0,0.0,1.0,4.0,2.0,0.0,0.0,,,
937887043,Odal Sparebank,2024-01-01,2024-12-31,BBB+,3,NCR,2024-06-27,0.0,718.6342518016108,49.84917337855023,718.6342518016108,104.5192878338279,614.114963967783,0.0,1.0,0.0,0.0,0.0,0.0,1.0,4.0,4.0,0.0,0.0,19829.42,4.94,5.14
937888015,SpareBank 1 Lom og Skjåk,2024-01-01,2024-12-31,BBB+,3,NCR,2025-06-30,0.0,851.2516320474778,52.259347181008906,851.2516320474778,127.0181432810513,724.2334887664265,0.0,0.0,0.0,0.0,0.0,0.0,1.0,3.0,3.0,0.0,0.0,75.5,4.9,12.7
937888104,SpareBank 1 Gudbrandsdal,2024-01-01,2024-12-31,A-,2,NCR,2025-03-12,1.0,1189.6419669351421,68.32132259431962,1189.6419669351421,155.07562526494277,1034.5663416701993,0.0,1.0,0.0,0.0,0.0,0.0,1.0,3.0,5.0,0.0,0.0,42062.9,1.0,19.1
937888104,SpareBank 1 Gudbrandsdal,2025-01-01,2025-12-31,A-,2,NCR,2025-03-12,1.0,1218.2153170649322,68.62070421345939,1218.2153170649322,171.80148610993828,1046.413830954994,0.0,1.0,0.0,0.0,0.0,0.0,1.0,3.0,4.0,0.0,0.0,41910.6,0.3,13.0
937888937,Sparebanken Øst,2024-01-01,2024-12-31,A1,2,Moody,2021-01-29,1.0,3636.7281574395934,246.72318779143706,3936.0406952098347,425.7736328952946,3510.2670623145405,1.0,1.0,0.0,0.0,0.0,0.0,1.0,4.0,4.0,0.0,0.0,83100.3,21.3,1.3
937889275,SpareBank 1 Ringerike Hadeland,2024-01-01,2024-12-31,A2,2,Moody,2021-09-14,1.0,2662.313119542179,188.97838066977533,2673.505722763883,447.7320898685884,2225.7736328952947,1.0,1.0,0.0,0.0,0.0,0.0,1.0,3.0,4.0,0.0,0.0,58665.9,0.0,27.1
937889631,SpareBank 1 Hallingdal Valdres,2024-01-01,2024-12-31,A-,2,NCR,2024-10-17,1.0,1525.3342941924545,109.40161085205597,1525.3342941924545,210.25595591352268,1315.078423060619,0.0,1.0,0.0,0.0,0.0,0.0,1.0,4.0,4.0,0.0,0.0,49956.73,5.0,33.0
937891245,Skagerrak Sparebank,2024-01-01,2024-12-31,A-,2,Scope,2024-11-15,0.0,2538.373887240356,136.35167443832134,2538.373887240356,312.4097498940229,1971.6190758796101,0.0,1.0,0.0,0.0,0.0,0.0,1.0,4.0,5.0,0.0,0.0,2308.29,3.72,16.18
937893655,Lillesands Sparebank,2024-01-01,2024-12-31,BBB+,3,NCR,2024-12-17,0.0,351.1097075031793,20.70385756676558,351.1097075031793,49.215854175498094,301.89385332768126,0.0,0.0,0.0,0.0,0.0,0.0,0.0,2.0,4.0,0.0,0.0,,,
937894627,Flekkefjord Sparebank,2024-01-01,2024-12-31,BBB+,3,NCR,2024-11-14,0.0,923.8189063162357,53.571852479864354,923.8189063162357,126.34997880457821,797.4689275116575,0.0,0.0,0.0,0.0,0.0,0.0,1.0,3.0,3.0,0.0,0.0,45.478,0.0,5.42
937894716,Spareskillingsbanken,2024-01-01,2024-12-31,A-,2,NCR,2025-06-12,0.0,1082.002119542179,60.40313692242476,1082.002119542179,143.8727426875795,938.1293768545994,0.0,0.0,0.0,0.0,0.0,0.0,0.0,4.0,4.0,0.0,0.0,,,
937895054,Søgne og Greipstad Sparebank,2024-01-01,2024-12-31,BBB+,3,NCR,2025-10-09,0.0,475.50487494701144,30.04773208986859,475.50487494701144,68.36337431114879,407.14150063586266,0.0,0.0,0.0,0.0,0.0,0.0,1.0,3.0,3.0,0.0,0.0,4674.76,,
937895321,SpareBank 1 Sør-Norge ASA,2024-01-01,2024-12-31,Aa3,1,Moody,2023-10-13,1.0,40841.69890267063,2229.334463755829,40638.91479440441,4462.65366680797,36176.26112759644,1.0,1.0,0.0,0.0,0.0,0.0,1.0,5.0,5.0,0.0,0.0,1276278.0,37.0,193.0
937895976,Jæren Sparebank,2024-01-01,2024-12-31,A-,2,NCR,2022-11-24,1.0,1514.3500635862654,96.60627384484951,1598.3587113183553,221.18541754980924,1377.173293768546,1.0,0.0,0.0,0.0,0.0,0.0,1.0,3.0,4.0,0.0,0.0,125094.0,1.0,9.0
937896670,Skudenes & Aakra Sparebank,2024-01-01,2024-12-31,A-,2,NCR,2024-12-19,0.0,1050.787452310301,63.21110640101738,1050.787452310301,132.0301822806274,918.7572700296737,0.0,0.0,0.0,0.0,0.0,0.0,1.0,4.0,4.0,0.0,0.0,,,
937896859,Fana Sparebank,2024-01-01,2024-12-31,A2,2,Moody,2025-11-24,1.0,2722.5264942772365,162.59431962696058,2722.5264942772365,270.17380245866894,2452.352691818567,0.0,1.0,0.0,0.0,0.0,0.0,1.0,3.0,3.0,0.0,0.0,8951.1,0.0,11.4
937899319,Sparebanken Møre,2024-01-01,2024-12-31,A1,2,Moody,2021-01-20,1.0,8320.40402204324,533.7007206443409,8676.133955065707,765.2395082662146,7910.894446799492,1.0,1.0,0.0,0.0,0.0,0.0,1.0,4.0,4.0,0.0,0.0,924686.3,3.9,61.4
937899408,SpareBank 1 Nordmøre,2024-01-01,2024-12-31,A-,2,Scope,2019-12-09,1.0,2190.858802967359,163.03518440016958,2418.3976261127596,353.3700720644341,2080.288257736329,1.0,1.0,0.0,0.0,0.0,0.0,1.0,4.0,3.0,0.0,0.0,155389.5,2.3,43.8
937900775,Tinde Sparebank,2024-01-01,2024-12-31,BBB+,3,NCR,2025-12-10,1.0,608.4380020347605,42.43764306909708,670.1202204323866,91.30919881305638,578.8110216193303,1.0,0.0,0.0,0.0,0.0,0.0,1.0,4.0,4.0,0.0,0.0,38047.7,0.0,7.73
937901003,SpareBank 1 SMN,2024-01-01,2024-12-31,Aa3,1,Moody,2023-10-27,1.0,20507.07927087749,1374.3111487918611,21000.25434506147,2587.7914370495973,18412.462908011872,1.0,1.0,0.0,0.0,0.0,0.0,1.0,4.0,6.0,0.0,0.0,24069.0,3.0,832.0
937901291,Melhus Sparebank,2024-01-01,2024-12-31,A-,2,NCR,2024-10-03,0.0,846.8599097075031,62.83069097075032,940.6267910131412,132.5093683764307,808.1175074183976,1.0,0.0,0.0,0.0,0.0,0.0,1.0,4.0,5.0,0.0,0.0,34159.2,1.5,5.2
937902174,Trøndelag Sparebank,2024-01-01,2024-12-31,BBB+,3,NCR,2024-05-15,0.0,744.1960021195422,55.67460788469691,794.311657481984,94.30436625688851,700.0072912250954,1.0,1.0,0.0,0.0,0.0,0.0,1.0,4.0,4.0,0.0,0.0,,,
937903146,Grong Sparebank,2024-01-01,2024-12-31,A-,2,NCR,2025-11-25,0.0,862.1394022891056,60.222382365409075,926.706740144129,115.08630775752438,811.6204323866045,1.0,0.0,0.0,0.0,0.0,0.0,1.0,3.0,4.0,0.0,0.0,,,
937903235,Hegra Sparebank,2024-01-01,2024-12-31,BBB+,3,NCR,2025-09-26,0.0,403.14133107248836,27.560491733785504,403.14133107248836,49.67155574395931,353.46977532852907,0.0,1.0,0.0,0.0,0.0,0.0,1.0,3.0,3.0,0.0,0.0,,,
937903502,Aasen Sparebank,2024-01-01,2024-12-31,BBB+,3,NCR,2025-03-07,0.0,524.6451662568885,36.694616362865624,574.0690970750318,70.15226791013141,506.46027977956766,1.0,0.0,0.0,0.0,0.0,0.0,1.0,2.0,3.0,0.0,0.0,28.21,15.63,
937903979,Sparebanken Narvik,2024-01-01,2024-12-31,A-,2,NCR,2024-11-04,0.0,707.0056803730395,44.99092835947435,707.0056803730395,118.00330648579907,589.0023738872404,0.0,0.0,0.0,0.0,0.0,0.0,1.0,2.0,4.0,0.0,0.0,2936.006,0.0,3.544
937904029,Sparebank 1 Helgeland,2024-01-01,2024-12-31,A2,2,Moody,2024-10-21,1.0,3192.2440682492584,215.34548537515897,3304.196693514201,442.7299703264095,2861.4667231877916,1.0,1.0,0.0,0.0,0.0,0.0,1.0,4.0,4.0,0.0,0.0,173364.0,9.0,70.0
937905378,Sparebank 68 grader Nord,2024-01-01,2024-12-31,A-,2,NCR,2025-02-13,0.0,938.4627798219585,64.79559135226792,1027.381941500636,131.67231877914372,895.7096227214922,1.0,0.0,0.0,0.0,0.0,0.0,1.0,3.0,4.0,0.0,0.0,68.614,0.823,14.538
938752648,Nortura SA,2024-01-01,2024-12-31,BB+,4,NCR,2023-09-20,1.0,873.7758372191607,2686.1326833403987,873.7758372191607,246.7566765578635,627.0191606612972,0.0,1.0,1.0,0.0,0.0,0.0,0.0,5.0,9.0,1.0,0.0,2231813.0,15471.0,3575.0
941856543,Fjellinjen AS,2024-01-01,2024-12-31,AA,1,S&P,2018-06-15,0.0,295.56362865621026,397.94573972022044,295.56362865621026,9.07147096227215,286.4921576939381,0.0,0.0,0.0,0.0,0.0,0.0,0.0,2.0,4.0,0.0,0.0,1118.0,0.0,13.0
942593821,Kongsberg Automotive ASA,2024-01-01,2024-12-31,B2,5,Moody,2024-11-08,1.0,551.981167,795.8,602.9,203.0,399.9,1.0,1.0,1.0,0.0,0.0,0.0,0.0,3.0,5.0,0.0,0.0,4269759.0,2493.0,16410.0
943753709,Kongsberg Gruppen ASA,2024-01-01,2024-12-31,A-,2,NCR,2022-05-30,1.0,23342.515194573974,4177.108944467995,5885.036032217042,1633.658329800763,4251.377702416278,1.0,1.0,1.0,0.0,0.0,1.0,0.0,4.0,4.0,1.0,0.0,13571031.0,1473.0,8100.0
946670081,SpareBank 1 Sogn og Fjordane,2024-01-01,2024-12-31,A1,2,Moody,2021-01-29,1.0,6534.718100890208,405.59559135226795,6534.718100890208,646.7147096227216,5887.918609580331,0.0,1.0,0.0,0.0,0.0,0.0,1.0,4.0,4.0,0.0,0.0,262820.2,5.6,23.2
947278770,Orkla Sparebank,2024-01-01,2024-12-31,A-,2,NCR,2023-10-30,1.0,1251.940652818991,80.34319626960577,1251.940652818991,168.21933022467147,1083.7213225943196,0.0,1.0,0.0,0.0,0.0,0.0,1.0,3.0,4.0,0.0,0.0,31187.75,2.17,39.49
947942638,Tine SA,2024-01-01,2024-12-31,A-,2,Scope,2022-06-16,1.0,1705.4650275540484,2434.168885120814,1705.4650275540484,878.2178889359899,827.2470538363714,0.0,1.0,1.0,0.0,0.0,0.0,0.0,5.0,8.0,0.0,0.0,2636736.0,49451.0,14152.0
947942638,Tine SA,2025-01-01,2025-12-31,A-,2,Scope,2022-06-16,1.0,1736.48197247319,2582.0368994342634,1736.48197247319,900.3252554251452,836.1567170480448,0.0,1.0,1.0,0.0,0.0,0.0,0.0,5.0,6.0,1.0,0.0,2739932.0,41002.0,15645.0
952706365,SpareBank 1 Nord-Norge,2024-01-01,2024-12-31,Aa3,1,Moody,2020-03-05,1.0,10914.043833488768,806.189063162357,11502.585841458245,1639.5930479016533,9862.992793556592,1.0,1.0,0.0,0.0,0.0,0.0,1.0,4.0,5.0,0.0,0.0,1669491.0,6.0,242.0
953299216,Storebrand Bank ASA,2024-01-01,2024-12-31,A,2,S&P,2022-06-14,1.0,86391.88545459941,1748.3679525222553,84511.31835523527,2722.594319626961,81788.7240356083,1.0,1.0,0.0,0.0,0.0,0.0,1.0,5.0,5.0,0.0,0.0,2584600.0,8.0,152.0
956548888,Rørosbanken Røros Sparebank,2024-01-01,2024-12-31,BBB+,3,NCR,2025-03-31,0.0,718.4994489190335,48.520644340822386,718.4994489190335,103.3444679949131,615.1550657058076,0.0,0.0,0.0,0.0,0.0,0.0,1.0,4.0,3.0,0.0,0.0,59.036,0.0,13.274
958995369,Storebrand Livsforsikring AS,2024-01-01,2024-12-31,A,2,S&P,2022-06-11,1.0,71177.02416278084,775.6676557863502,71177.02416278084,1509.96184824078,68821.02585841459,0.0,1.0,0.0,0.0,0.0,0.0,0.0,3.0,4.0,0.0,0.0,809163.5,4.5,98.0
960514718,SalMar ASA,2024-01-01,2024-12-31,BBB,3,NCR,2026-03-20,1.0,8949.642752013566,2247.3081814328107,4614.921576939381,1715.9813480288258,2899.025010597711,1.0,1.0,1.0,0.0,0.0,0.0,0.0,3.0,4.0,1.0,1.0,1198458.0,27887.0,4377.0
962073182,Steen & Strøm AS,2024-01-01,2024-12-31,A-,2,S&P,2025-02-26,1.0,2655.632047477745,168.59855871131836,2655.632047477745,1581.3343789741416,1074.2975837219162,0.0,1.0,1.0,0.0,0.0,0.0,0.0,2.0,3.0,0.0,0.0,,,
962986633,Statnett SF,2024-01-01,2024-12-31,A+,2,S&P,2011-07-01,1.0,8947.181008902078,1648.4103433658331,8947.181008902078,2160.4069520983467,6786.774056803731,0.0,1.0,1.0,0.0,0.0,0.0,0.0,4.0,5.0,1.0,0.0,130961.0,17619.0,44012.0
964118191,Mowi ASA,2024-01-01,2024-12-31,BBB+,3,NCR,2024-03-26,1.0,13086.703591,5603.8,8554.7,4005.6,4549.0,1.0,1.0,1.0,0.0,0.0,0.0,0.0,4.0,6.0,1.0,0.0,2477798.0,139739.0,83471.0
966011726,Nordic Semiconductor ASA,2024-01-01,2024-12-31,BBB-,3,NCR,2024-02-12,1.0,2287.4569785349818,503.0243526807183,776.50014438348,548.4319953797268,228.06814900375323,1.0,1.0,1.0,0.0,0.0,0.0,0.0,5.0,6.0,1.0,0.0,95911.0,0.0,1352.0
975350940,Lerøy Seafood Group ASA,2024-01-01,2024-12-31,BBB+,3,NCR,2022-07-01,1.0,4321.859860618906,2638.803815175922,3631.2907164052567,1794.5571852479866,1836.7335311572701,1.0,1.0,1.0,0.0,0.0,0.0,0.0,4.0,5.0,1.0,1.0,1893689.0,156638.0,8210.0
976542606,Akershus Energi AS,2024-01-01,2024-12-31,A-,2,Scope,2022-12-13,1.0,644.9342941924544,166.76557863501483,644.9342941924544,287.5794828317084,357.3548113607461,0.0,1.0,1.0,0.0,0.0,0.0,0.0,3.0,5.0,1.0,0.0,14935.8,2820.0,839.0
976695372,TGS ASA,2024-01-01,2024-12-31,BB-,4,S&P,2024-11-21,1.0,3776.928282799102,1276.9448455096694,3886.5954374819394,1997.9131773991658,1888.6822600827736,1.0,1.0,0.0,0.0,0.0,0.0,0.0,3.0,5.0,1.0,0.0,674230.0,416110.0,12580.0
977028442,Vardar AS,2024-01-01,2024-12-31,BBB+,3,Scope,2023-11-21,1.0,784.6279779567614,57.177787197965245,784.6279779567614,607.0196693514201,177.60830860534125,0.0,1.0,1.0,0.0,0.0,0.0,0.0,2.0,3.0,1.0,0.0,1635.0,127.0,390.0
979151950,Arva AS,2024-01-01,2024-12-31,BBB+,3,Scope,2023-03-29,0.0,656.522756083086,123.17788808817296,656.522756083086,218.1806825773633,438.34207359050447,0.0,0.0,1.0,0.0,0.0,0.0,0.0,3.0,4.0,0.0,,5748.1,566.2,4684.7
979391285,Eiendomskreditt AS,2024-01-01,2024-12-31,BBB,3,NCR,2023-02-23,0.0,577.9330224671471,39.25892327257313,577.9330224671471,88.21924544298432,489.7137770241628,0.0,0.0,0.0,0.0,0.0,0.0,0.0,2.0,4.0,0.0,0.0,1293.656,0.0,2.342
979391285,Eiendomskreditt AS,2025-01-01,2025-12-31,BBB,3,NCR,2023-02-23,0.0,651.4718399054291,38.79532213121673,651.4718399054291,87.81406738157557,563.6577725238535,0.0,0.0,0.0,0.0,0.0,0.0,0.0,2.0,3.0,0.0,0.0,1016.404,0.0,1.862
980001482,Lyse AS,2024-01-01,2024-12-31,A-,2,Scope,2023-04-03,0.0,6325.385926239933,1835.3587961000426,6325.385926239933,1879.6092412039,4445.776600254345,0.0,1.0,1.0,0.0,0.0,0.0,0.0,4.0,4.0,1.0,0.0,218249.0,2602.0,8710.0
980374181,Landkreditt Bank AS,2024-01-01,2024-12-31,A-,2,Scope,2018-04-04,0.0,3194.632810512929,174.62551928783384,3194.632810512929,330.037049597287,2864.5957609156426,0.0,0.0,0.0,0.0,0.0,0.0,0.0,3.0,4.0,0.0,0.0,,,
980374181,Landkreditt Bank AS,2025-01-01,2025-12-31,A-,2,Scope,2018-04-04,0.0,3964.9527146837772,189.03191758844878,3964.9527146837772,349.84176306679035,3615.110951616987,0.0,0.0,0.0,0.0,0.0,0.0,0.0,3.0,3.0,0.0,0.0,,,
980374505,Bane NOR Eiendom AS,2024-01-01,2024-12-31,A,2,NCR,2022-05-30,1.0,21754.64179737177,1653.1581178465453,21754.64179737177,697.1598134802883,21057.48198389148,0.0,1.0,1.0,0.0,0.0,0.0,0.0,5.0,6.0,1.0,0.0,1043369.0,9255.0,2587.0
980417824,Trønderenergi AS,2024-01-01,2024-12-31,BBB+,3,Scope,2024-06-27,0.0,1009.7503179313269,95.27867740568038,1009.7503179313269,666.4505298855447,343.2997880457821,0.0,1.0,1.0,0.0,0.0,0.0,0.0,2.0,4.0,1.0,0.0,779.44,174.43,12.92
981203267,Kommunalbanken AS,2024-01-01,2024-12-31,AAA,1,S&P,2012-06-18,1.0,48125.81602373887,2283.255616786774,48125.81602373887,1871.555743959305,46254.26027977957,0.0,0.0,0.0,0.0,0.0,0.0,0.0,5.0,4.0,0.0,0.0,82.6,0.0,15.8
981952324,Å Energi AS,2024-01-01,2024-12-31,A-,2,Scope,2023-06-05,1.0,5733.192030521408,2661.975413310725,5733.192030521408,2117.507418397626,3615.6846121237813,0.0,1.0,1.0,0.0,0.0,0.0,0.0,5.0,7.0,1.0,1.0,188337.0,6718.0,33276.0
982463718,Telenor ASA,2024-01-01,2024-12-31,Baa1,3,Moody,2022-10-04,1.0,27186.870270199237,6902.331496396779,19398.72827469267,6932.76812208563,12465.960152607038,1.0,1.0,0.0,0.0,0.0,0.0,0.0,4.0,6.0,1.0,0.0,1363572.0,101755.0,471457.0
982719445,JBF Sparebank,2024-01-01,2024-12-31,A-,2,NCR,2024-05-08,0.0,1054.9483679525224,66.31784654514625,1054.9483679525224,158.31403136922427,896.634336583298,0.0,0.0,0.0,0.0,0.0,0.0,1.0,4.0,4.0,0.0,0.0,9317.908,,30.265
983424082,Eidsiva Energi AS,2024-01-01,2024-12-31,A-,2,Scope,2024-01-24,1.0,4685.629504027131,1031.0300974989402,4685.629504027131,2403.984739296312,2281.644764730818,0.0,1.0,1.0,0.0,0.0,0.0,0.0,4.0,6.0,0.0,0.0,186487.0,51562.0,22186.0
983521592,Santander Consumer Bank AS,2024-01-01,2024-12-31,A1,2,Moody,2025-11-20,1.0,17947.350572276388,1319.8813056379822,17947.350572276388,2587.452310300975,15359.898261975413,0.0,1.0,0.0,0.0,0.0,0.0,0.0,3.0,3.0,0.0,0.0,534923.1,0.0,35.4
983521592,Santander Consumer Bank AS,2025-01-01,2025-12-31,A1,2,Moody,2025-11-20,1.0,18096.259393734686,1152.917335134678,18096.259393734686,2490.9229080469463,15605.33648568774,0.0,1.0,0.0,0.0,0.0,0.0,0.0,3.0,5.0,0.0,0.0,492378.0,0.0,26.7
984661177,Vygruppen AS,2024-01-01,2024-12-31,A-,2,S&P,2023-09-22,1.0,1955.6591776176347,1656.7189487070793,1955.6591776176347,303.17931326833406,1652.4798643493007,0.0,1.0,1.0,0.0,0.0,0.0,0.0,3.0,5.0,0.0,,231588.0,121423.0,12105.0
984661177,Vygruppen AS,2025-01-01,2025-12-31,A-,2,S&P,2023-09-22,1.0,2033.5219116777832,1771.8483492358346,2033.5219116777832,391.9614962425059,1641.5604154352773,0.0,1.0,1.0,0.0,0.0,0.0,0.0,3.0,5.0,0.0,,232599.0,115996.0,13833.0
984661185,Posten Bring AS,2024-01-01,2024-12-31,A,2,Scope,2023-02-27,1.0,1726.4094955489616,2143.3658329800764,1726.4094955489616,517.2530733361594,1209.156422212802,0.0,1.0,1.0,0.0,0.0,0.0,0.0,6.0,4.0,1.0,1.0,378445.0,36173.0,868.0
984851006,DNB Bank ASA,2024-01-01,2024-12-31,AA-,1,S&P,2019-01-22,1.0,311102.59617575246,17996.184824078,306411.6150911403,24020.771513353116,282390.8435777872,1.0,1.0,0.0,0.0,0.0,0.0,1.0,4.0,4.0,0.0,0.0,25516026.0,67.0,1379.0
984882092,Sogn og Fjordane Energi AS,2024-01-01,2024-12-31,BBB,3,Scope,2025-03-04,1.0,671.169987282747,176.15871131835524,671.169987282747,291.47791437049597,379.6921576939381,0.0,1.0,1.0,0.0,0.0,0.0,0.0,4.0,5.0,0.0,0.0,3958.0,76.0,140.0
985198292,Avinor AS,2024-01-01,2024-12-31,A+,2,S&P,2025-01-29,1.0,4369.4277236117005,1043.0606189063162,4369.4277236117005,1280.729122509538,3088.6986011021622,0.0,1.0,1.0,1.0,0.0,0.0,0.0,4.0,4.0,1.0,1.0,482479.0,5693.0,5418.0
985279721,Protector Forsikring ASA,2024-01-01,2024-12-31,a-,2,AMBest,2025-06-17,0.0,3622.5095379398053,1071.4709622721493,2090.207715133531,461.12759643916917,1629.080118694362,1.0,0.0,0.0,0.0,0.0,0.0,0.0,3.0,4.0,0.0,0.0,122281.0,0.0,78.0
986228608,Yara International ASA,2024-01-01,2024-12-31,BBB,3,S&P,2014-06-19,1.0,14192.208568678363,13412.26297044947,14432.57291365863,6740.783521031839,7691.789392626792,1.0,1.0,1.0,0.0,0.0,0.0,0.0,6.0,5.0,1.0,0.0,58500000.0,14900000.0,1000000.0
986918930,Kredittforeningen for Sparebanker,2024-01-01,2024-12-31,A-,2,NCR,2022-05-27,0.0,303.5354811360746,18.009241203899958,303.5354811360746,19.08503603221704,284.4504451038576,0.0,0.0,0.0,0.0,0.0,0.0,0.0,2.0,3.0,0.0,0.0,1.895,,
986947884,Nordkraft AS,2024-01-01,2024-12-31,BBB,3,Scope,2024-08-19,0.0,671.262653666808,101.95464179737178,671.262653666808,308.5261551504875,362.73649851632047,0.0,1.0,1.0,0.0,0.0,0.0,0.0,3.0,8.0,0.0,,48539.527,450.491,183.191
987059699,Statkraft AS,2024-01-01,2024-12-31,A-,2,S&P,2025-11-12,1.0,27779.73717676982,7387.961000423908,27779.73717676982,12463.925392115303,15315.811784654516,0.0,1.0,1.0,1.0,0.0,0.0,0.0,4.0,5.0,1.0,0.0,5550344.0,1113058.0,151147.0
988622036,Norwegian Property ASA,2024-01-01,2024-12-31,BBB-,3,Scope,2022-04-28,0.0,2533.641373463332,125.67189487070793,2533.641373463332,983.314963967783,1550.3264094955491,0.0,1.0,1.0,0.0,0.0,0.0,0.0,2.0,2.0,0.0,0.0,13859.5,225.4,2094.7
988738387,SpareBank 1 Boligkreditt AS,2024-01-01,2024-12-31,Aa3,1,Moody,2023-11-03,0.0,30299.824077999154,1442.2081390419671,30299.824077999154,1253.384061042815,29046.440016956338,0.0,0.0,0.0,0.0,0.0,0.0,0.0,3.0,4.0,0.0,0.0,,,
989795848,Aker BP ASA,2024-01-01,2024-12-31,BBB,3,Fitch,2022-05-09,1.0,40261.61804697263,12449.706420252149,40613.052266820545,12215.90143420922,28397.054576956303,1.0,1.0,1.0,1.0,0.0,0.0,0.0,6.0,7.0,1.0,0.0,72310600.0,838200.0,14400.0
990906475,Pareto Bank ASA,2024-01-01,2024-12-31,BBB+,3,NCR,2025-09-23,0.0,2288.358439593048,191.90809665112337,2309.2266214497668,460.92683340398474,1848.2997880457822,1.0,0.0,0.0,0.0,0.0,0.0,0.0,2.0,4.0,0.0,0.0,10.90719,0.0,
991853995,Bien Sparebank ASA,2024-01-01,2024-12-31,BBB+,3,NCR,2024-03-21,1.0,460.3330356930903,28.456210258584147,462.3424332344214,60.76176345909284,401.58066977532854,1.0,0.0,0.0,0.0,0.0,0.0,0.0,3.0,4.0,0.0,0.0,,,
992249986,B2 Impact ASA,2024-01-01,2024-12-31,BB-,4,S&P,2024-02-27,0.0,1269.8120770665537,315.81178465451467,1431.7931326833404,476.303518440017,955.4896142433234,1.0,1.0,0.0,0.0,0.0,0.0,1.0,3.0,2.0,0.0,0.0,,,
992462841,Nord-Trøndelag Elektrisitetsverk AS,2024-01-01,2024-12-31,BBB,3,Scope,2025-08-22,1.0,1026.8725731242052,353.9201356506995,1026.8725731242052,696.2465451462484,330.62611275964395,0.0,1.0,1.0,0.0,0.0,0.0,0.0,4.0,4.0,1.0,0.0,52486.0,529.0,314.0
992710691,Sparebanken Norge Boligkreditt AS,2024-01-01,2024-12-31,Aa3,1,Moody,2023-03-30,1.0,27762.05952149216,1728.868164476473,28670.36880033913,2226.451886392539,26443.91691394659,1.0,1.0,0.0,0.0,0.0,0.0,1.0,6.0,4.0,0.0,0.0,1270851.4,13.6,52.8
993153036,Rogaland Sparebank Boligkreditt AS,2024-01-01,2024-12-31,A-,2,Scope,2021-05-05,1.0,3270.6610060195,207.66324713861806,3366.019584569733,362.7300551080967,3003.2895294616364,1.0,1.0,0.0,0.0,0.0,0.0,1.0,4.0,4.0,0.0,0.0,64702.4,0.0,12.5
993821837,KLP Banken AS,2024-01-01,2024-12-31,A2,2,Moody,2025-11-21,1.0,73246.71470962273,7089.105553200509,73246.71470962273,4125.816023738873,69120.89868588385,0.0,0.0,0.0,0.0,0.0,0.0,0.0,5.0,3.0,0.0,0.0,26627210.1,1.1,21.0
995568217,Gjensidige Forsikring ASA,2024-01-01,2024-12-31,A,2,S&P,2015-06-01,1.0,22006.824925816025,3737.108944467995,14538.897838066978,2205.6634167019924,12333.234421364985,1.0,1.0,0.0,0.0,0.0,0.0,0.0,5.0,5.0,0.0,0.0,3419968.0,434.0,690.0
995568217,Gjensidige Forsikring ASA,2025-01-01,2025-12-31,A,2,S&P,2015-06-01,1.0,26563.353879929058,4224.098623659544,16203.360634974239,2390.1545216583622,13813.206113315875,1.0,1.0,0.0,0.0,0.0,0.0,0.0,4.0,6.0,0.0,0.0,3940899.0,379.0,452.0
995610760,Brage Finans AS,2024-01-01,2024-12-31,A+,2,Scope,2025-09-12,0.0,2283.7030945315814,194.3097075031793,2283.7030945315814,375.9617634590929,1907.7413310724885,0.0,1.0,0.0,0.0,0.0,0.0,0.0,4.0,5.0,0.0,0.0,68.117,4.266,3.131
995610760,Brage Finans AS,2025-01-01,2025-12-31,A+,2,Scope,2025-09-12,0.0,2576.438909060203,204.23017816431636,2576.438909060203,412.669509414844,2163.7693152072943,0.0,0.0,0.0,0.0,0.0,0.0,0.0,4.0,5.0,0.0,0.0,,,
996225127,Landkreditt Boligkreditt AS,2024-01-01,2024-12-31,A-,2,Scope,2018-04-04,0.0,3355.026706231454,204.57108944467996,3355.026706231454,374.62645188639254,2980.4002543450615,0.0,1.0,0.0,0.0,0.0,0.0,0.0,3.0,5.0,0.0,0.0,43.8,9.2,18.9
998753562,Borregaard ASA,2024-01-01,2024-12-31,A-,2,Scope,2023-03-23,1.0,1917.110828486647,676.8122085629504,812.547689699025,431.5387876218737,381.00890207715133,1.0,1.0,1.0,0.0,0.0,0.0,0.0,4.0,5.0,1.0,1.0,670081.0,120312.0,62468.0
999296432,Entra ASA,2024-01-01,2024-12-31,Baa3,3,Moody,2023-11-01,1.0,5082.532052395083,316.15091140313694,5464.264518863925,2166.765578635015,3297.4989402289107,1.0,1.0,1.0,0.0,0.0,0.0,0.0,4.0,4.0,0.0,0.0,16841.0,281.0,105.0
