organization_number,issuer_name,period_from,period_to,period_year,rating_agency,rating_symbol,rating_normalized,risk_class_3,enterprise_value,revenue,book_value_equity,book_value_debt,debt_to_equity_ratio,total_ghg_emission,scope1,scope2_location,carbon_intensity,carbon_target,high_impact_climate_sector,fossil_fuel_sector,report_biodiversity,negative_affect_biodiversity,female_board,male_board,female_board_share,exp_controversial_weapons,exp_controversial_products,exp_debt_collection_or_loans,is_listed,is_consolidated_corp_account
100000128,European Investment Bank,2024-01-01,2024-12-31,2024,S&P,AAA,1,Investment Grade Low Risk,582146.731,27477.315,93310.382,488836.349,5.238820574113607,19808.0,45.0,3601.0,0.7208855741545345,1,0,0,1,0,10.0,18.0,0.35714285714285715,0,0,0,0,1
100000337,A.P. Møller - Mærsk A/S,2024-01-01,2024-12-31,2024,S&P,BBB+,3,Investment Grade High Risk,53371.83559534105,55259.408990277996,55777.26441428416,28636.057368370297,0.5134001760229174,83527000.0,33939000.0,431000.0,1511.5434914386296,1,1,0,1,0,3.0,7.0,0.3,0,0,0,1,1
100000337,A.P. Møller - Mærsk A/S,2025-01-01,2025-12-31,2025,S&P,BBB+,3,Investment Grade High Risk,55721.702127659475,47710.638297872254,48251.91489361694,26941.27659574463,0.5583462678143079,85449000.0,33953000.0,470000.0,1790.9842133428501,1,1,0,1,1,3.0,7.0,0.3,0,0,0,1,1
100000405,Tryg Forsikring A/S,2024-01-01,2024-12-31,2024,Moody,A2,2,Investment Grade Low Risk,14059.642253747768,5379.334388157371,5285.607015473737,8774.035238274031,1.65998630102235,591187.0,1120.0,978.0,109.89965622912398,1,0,0,0,0,7.0,7.0,0.5,0,0,0,0,1
100000405,Tryg Forsikring A/S,2025-01-01,2025-12-31,2025,Moody,A2,2,Investment Grade Low Risk,13937.661503032557,5634.29688441403,5321.533291381588,8616.128211650968,1.6191063251647966,494156.0,955.0,648.0,87.70499853619135,1,0,0,0,0,8.0,10.0,0.4444444444444444,0,0,0,0,1
100000440,AB Sagax (publ),2024-01-01,2024-12-31,2024,Moody,Baa2,3,Investment Grade High Risk,10704.948075748369,455.9734706344379,3648.0495680251497,3686.185531023666,1.010453795182164,113564.0,5.0,27.0,249.05834947368308,1,1,0,0,0,1.0,5.0,0.16666666666666666,0,0,0,1,1
100000445,Electrolux AB (publ),2024-01-01,2024-12-31,2024,S&P,BBB-,3,Investment Grade High Risk,12371.999427611541,11966.838293044822,848.5033598045243,10093.812723623398,11.89601974699167,41668000.0,49000.0,165000.0,3481.9556326935262,1,1,0,0,0,4.0,7.0,0.36363636363636365,0,0,0,1,1
100000445,Electrolux AB (publ),2025-01-01,2025-12-31,2025,S&P,BBB-,3,Investment Grade High Risk,11458.76761391669,12279.72092593443,804.5095411911439,9787.922191932685,12.166322076728692,43506000.0,47000.0,153000.0,3542.9143921435975,1,1,0,0,0,4.0,9.0,0.3076923076923077,0,0,0,1,1
100000446,Sandvik AB (publ),2024-01-01,2024-12-31,2024,S&P,BBB+,3,Investment Grade High Risk,29355.52840562017,10821.363120691209,8464.874770922457,7625.8835849550915,0.9008855761399602,8348000.0,81000.0,205000.0,771.4370090804953,1,1,0,0,0,3.0,7.0,0.3,0,0,0,1,1
100876546,Kraftringen Energi AB (publ),2024-01-01,2024-12-31,2024,S&P,BBB+,3,Investment Grade High Risk,783.2264595514479,370.04956802513476,360.2505454228134,422.97591412863443,1.174115957637767,23667.0,3135.0,,63.95629679100848,1,1,0,1,0,4.0,7.0,0.36363636363636365,0,0,0,0,1
101072299,SSAB AB (publ),2024-01-01,2024-12-31,2024,S&P,BBB-,3,Investment Grade High Risk,7312.767257177798,9373.0692032464,6197.312156383657,3465.6601797713743,0.5592198831232837,20947000.0,9483000.0,,2234.806928849402,1,1,0,0,0,4.0,7.0,0.36363636363636365,0,0,0,1,1
101187763,Millicom International Cellular S.A.,2024-01-01,2024-12-31,2024,Fitch,BB+,4,High Yield,13925.42938492632,5630.955818654327,3440.177110405225,9782.462219655372,2.8435926133184104,1254959.0,28417.0,126232.0,222.86784702564177,1,0,0,0,0,3.0,5.0,0.375,0,0,0,1,1
106083008,Assa Abloy AB,2024-01-01,2024-12-31,2024,S&P,A-,2,Investment Grade Low Risk,41898.503006458,13115.891439043606,9344.619949384805,10168.862902522082,1.0882050803137842,5259614.0,85476.0,130314.0,401.01079095112766,1,1,0,0,0,5.0,7.0,0.4166666666666667,0,0,0,1,1
108520479,Corem Property Group AB (publ),2024-01-01,2024-12-31,2024,Scope,BB+,4,High Yield,4668.5741016668335,322.4539663146886,1877.214416615769,3514.6173313552827,1.8722514062572637,53712.0,171.0,5966.0,166.57261380243497,1,1,0,0,0,2.0,5.0,0.2857142857142857,0,0,0,1,1
111273386,Intrum AB,2024-01-01,2024-12-31,2024,Moody,Caa2,6,High Yield,5705.097479623029,1585.2168601099645,1168.3392966227473,5416.87756348724,4.63639079772931,12962.0,86.0,2452.0,8.176799229287052,1,0,0,0,0,3.0,4.0,0.42857142857142855,0,0,1,1,1
111902467,L E Lundbergföretagen AB,2024-01-01,2024-12-31,2024,S&P,A+,2,Investment Grade Low Risk,15877.476219565478,3068.941443406943,14547.953573610328,5034.645257003252,0.34607240334723016,795037.0,61657.0,7828.0,259.05903213239566,1,1,0,0,0,3.0,6.0,0.3333333333333333,0,0,0,1,1
120942809,Elekta AB (publ),2024-01-01,2024-12-31,2024,S&P,BBB-,3,Investment Grade High Risk,3396.8060040143273,1572.2261977485018,772.1441661576089,1756.6105244785838,2.2749773960216997,490941.0,5007.0,4347.0,312.2585037083401,1,1,0,0,0,2.0,6.0,0.25,0,0,0,1,1
130985892,Volvo Treasury AB,2024-01-01,2024-12-31,2024,S&P,A,2,Investment Grade Low Risk,92861.52413456714,46208.56968321864,17223.230648398716,45135.09032201783,2.6205937343244106,259167000.0,207000.0,165000.0,5608.634973484594,1,1,0,1,0,7.0,11.0,0.3888888888888889,0,0,0,1,1
130985892,Volvo Treasury AB,2025-01-01,2025-12-31,2025,S&P,A,2,Investment Grade Low Risk,99065.15882271362,44457.0530887583,16492.815228942312,43442.49872938114,2.6340256727757643,237857000.0,203000.0,157000.0,5350.264659358316,1,1,0,1,0,5.0,9.0,0.35714285714285715,0,0,0,1,1
131799428,Fastighets AB Balder (publ),2024-01-01,2024-12-31,2024,S&P,BBB,3,Investment Grade High Risk,22478.575791954023,1201.9373418273901,8878.174360764504,14503.010733921,1.633557772644616,164928.0,1231.0,42602.0,137.21846743628777,1,1,0,0,0,1.0,4.0,0.2,0,0,0,1,1
132474680,Tekniska Verken i Linköping AB,2024-01-01,2024-12-31,2024,S&P,A+,2,Investment Grade Low Risk,1335.4568461471392,759.7521598743381,677.2842307356693,658.1726154114699,0.9717819868573637,631673.0,346000.0,1540.0,831.4198147254729,1,1,0,0,0,4.0,7.0,0.36363636363636365,0,0,0,0,1
133484021,Scania CV (publ),2024-01-01,2024-12-31,2024,S&P,BBB,3,Investment Grade High Risk,22411.466969194622,19811.3273409548,8219.216336504094,14192.250632690526,1.726715790367791,140430100.0,99200.0,56100.0,7088.374119673297,1,1,0,0,0,7.0,9.0,0.4375,0,0,0,0,1
134016864,AB SKF,2024-01-01,2024-12-31,2024,Fitch,BBB+,3,Investment Grade High Risk,13262.490768566253,8770.573348459766,5407.888995549374,5013.002879832468,0.9269796188416789,3177766.0,45853.0,392255.0,362.3213527491974,1,1,0,0,0,3.0,11.0,0.21428571428571427,0,0,0,1,1
136282765,Golar LNG Limited,2024-01-01,2024-12-31,2024,S&P,B,5,High Yield,6181.712995475964,286.57426123784677,2280.685340263733,1923.4507652324512,0.8433652513459081,443141.0,443125.0,34.0,1546.3391516246752,0,1,1,0,0,2.0,5.0,0.2857142857142857,0,0,0,1,1
144637690,Lejonfastigheter AB (publ),2024-01-01,2024-12-31,2024,S&P,AA-,1,Investment Grade Low Risk,588.4194955929863,140.1941705209885,78.24304040492225,454.6265817261562,5.810441150719339,13643.94,76.0,6937.0,97.3217356277832,1,1,0,1,0,3.0,9.0,0.25,0,0,0,0,0
146601892,Ziklo Bank AB,2024-01-01,2024-12-31,2024,Moody,A3,2,Investment Grade Low Risk,5066.749367309561,832.9069726852293,133.16668121127557,4352.231782878107,32.68258804147168,150907.0,78.0,12.0,181.18109818853742,1,0,0,0,0,3.0,4.0,0.42857142857142855,0,0,0,0,0
147805458,DFDS A/S,2024-01-01,2024-12-31,2024,Scope,BBB-,3,Investment Grade High Risk,4378.386579420208,3995.816460618417,1862.4795516103964,3404.7574351685516,1.8280777537796975,3977880.0,2617970.0,15500.0,995.5111900671131,1,1,0,1,0,3.0,6.0,0.3333333333333333,0,0,0,1,1
147805458,DFDS A/S,2025-01-01,2025-12-31,2025,Scope,BBB-,3,Investment Grade High Risk,3860.897530426162,4164.468663390855,1800.398987802753,3169.141372892925,1.7602439205770803,3716000.0,2491000.0,12000.0,892.3107124485609,1,1,0,1,0,3.0,6.0,0.3333333333333333,0,0,0,1,1
148832655,Länsförsäkringar AB (publ),2024-01-01,2024-12-31,2024,S&P,A+,2,Investment Grade Low Risk,70237.36800767988,1253.250719958117,3319.7486691683544,66917.61933851152,20.157435398648825,16079973.0,178.0,437.0,12830.611420304936,1,0,0,0,0,,,,0,0,1,0,1
153033241,FastPartner AB (publ),2024-01-01,2024-12-31,2024,Moody,Ba2,4,High Yield,2958.8969369055026,202.37368007679646,1309.8699712016814,1847.8052186054713,1.4106783568068861,10183.0,73.0,7271.0,50.317808106942415,1,1,0,1,0,3.0,2.0,0.6,0,0,0,1,1
155617436,Saab AB (publ),2024-01-01,2024-12-31,2024,S&P,BBB+,3,Investment Grade High Risk,16473.621193036117,5638.799197137647,3125.2290775809547,5586.089536608804,1.7874176253769687,930922.0,15988.0,14419.0,165.09224170858084,1,1,0,0,,3.0,8.0,0.2727272727272727,0,1,0,1,1
156656325,PostNord AB (publ),2024-01-01,2024-12-31,2024,NCR,A,2,Investment Grade Low Risk,2547.429967710981,3359.280914564986,1037.0014835500526,1510.4284841609283,1.4565345451485314,464081.0,26322.0,15912.0,138.14891097313804,1,1,0,0,0,6.0,4.0,0.6,0,0,0,0,1
161894855,Specialfastigheter Sverige AB,2024-01-01,2024-12-31,2024,S&P,AA+,1,Investment Grade Low Risk,5020.856968321866,305.6113098874261,1733.9209355092146,3286.848765162769,1.895616286677739,31756.0,149.0,10315.0,103.90976699029079,1,1,0,0,0,6.0,5.0,0.5454545454545454,0,0,0,0,1
163289203,Länsförsäkringar Bank AB,2024-01-01,2024-12-31,2024,S&P,A+,2,Investment Grade Low Risk,70237.36800767988,1253.250719958117,3319.7486691683544,66917.61933851152,20.157435398648825,16079973.0,178.0,437.0,12830.611420304936,1,0,0,0,0,,,,0,0,1,0,1
174248208,Hemsö Fastighets AB (publ),2024-01-01,2024-12-31,2024,Moody,A3,2,Investment Grade Low Risk,7963.434854699399,452.7445675887969,2568.8105419321173,5394.6243127672815,2.1000475608098927,64273.0,576.0,9143.0,141.96305069390837,1,1,0,0,0,2.0,3.0,0.4,0,0,0,0,1
179348875,Stora Enso Oyj,2024-01-01,2024-12-31,2024,Fitch,BBB-,3,Investment Grade High Risk,17471.36956,9492.0,9989.0,9813.0,0.9823806186805486,5790000.0,1330000.0,450000.0,609.9873577749684,1,1,0,1,0,4.0,4.0,0.5,0,0,0,1,1
179348875,Stora Enso Oyj,2025-01-01,2025-12-31,2025,Fitch,BBB-,3,Investment Grade High Risk,16845.587516,9819.0,10649.0,8410.0,0.789745516010893,5670000.0,1140000.0,470000.0,577.4518790100825,1,1,0,1,0,4.0,5.0,0.4444444444444444,0,0,0,1,1
179798597,Södra Skogsägarna ekonomisk förening,2024-01-01,2024-12-31,2024,NCR,BBB+,3,Investment Grade High Risk,3930.0113447945023,2703.289990400571,2426.302469674503,1503.70887512,0.6197532640362551,2468800.0,80000.0,800.0,913.2575523775663,1,1,0,1,0,5.0,10.0,0.3333333333333333,0,0,0,0,1
181305440,Castellum AB,2024-01-01,2024-12-31,2024,S&P,BBB,3,Investment Grade High Risk,12047.244192948829,863.8624661837896,6909.328911772437,6866.655030980047,0.9938237300123778,57645.0,639.0,20516.0,66.72937215880361,1,1,0,1,0,3.0,3.0,0.5,0,0,0,1,1
183562096,Akelius Residential Property AB (publ),2024-01-01,2024-12-31,2024,S&P,BBB-,3,Investment Grade High Risk,4402.35,387.0,3381.0,3348.0,0.9902395740905058,154112.0,31476.0,11713.0,398.22222222222223,1,1,0,0,0,1.0,4.0,0.2,0,0,0,1,1
194399184,Akademiska Hus AB,2024-01-01,2024-12-31,2024,S&P,AA,1,Investment Grade Low Risk,11557.640282747238,709.6605288419615,5438.694475957787,6118.945806789451,1.1250762170662045,29653.0,1082.0,23725.0,41.784767215936846,1,1,0,0,0,4.0,6.0,0.4,0,0,0,0,1
198403405,Fabege AB (publ),2024-01-01,2024-12-31,2024,Moody,Baa2,3,Investment Grade High Risk,6260.79424539666,320.8831486168092,3355.004799720759,3984.9899642202818,1.18777474313955,18372.0,37.0,3579.0,57.25448680989912,1,1,0,0,0,3.0,4.0,0.42857142857142855,0,0,0,1,1
199626114,Holmen AB (publ),2024-01-01,2024-12-31,2024,S&P,BBB+,3,Investment Grade High Risk,7668.606394624348,2171.9172702679216,5006.545073741187,2109.957238851567,0.4214397768868747,770000.0,61000.0,20000.0,354.52547412407426,1,1,0,1,0,4.0,11.0,0.26666666666666666,0,0,0,1,1
199933795,Husqvarna AB,2024-01-01,2024-12-31,2024,S&P,BBB-,3,Investment Grade High Risk,5715.935667684815,4241.382319574153,2148.704075399259,2808.4475085086087,1.3070424823328732,3043732.0,14217.0,63241.0,717.6273607670433,1,1,0,0,0,3.0,10.0,0.23076923076923078,0,0,0,1,1
199934341,Citycon Oyj,2024-01-01,2024-12-31,2024,S&P,B+,5,High Yield,3037.82477,397.8,1858.5,2444.6,1.3153618509550713,196616.0,1015.0,3036.0,494.2584213172448,1,1,0,1,0,1.0,10.0,0.09090909090909091,0,0,0,1,1
199934406,Outokumpu Oyj,2024-01-01,2024-12-31,2024,Moody,Ba2,4,High Yield,3448.0,6012.0,3748.0,2217.0,0.5915154749199573,3702456.0,990643.0,540274.0,615.8443113772455,1,1,0,1,1,3.0,4.0,0.42857142857142855,0,0,0,1,1
199934473,Huhtamäki Oyj,2024-01-01,2024-12-31,2024,S&P,BBB-,3,Investment Grade High Risk,6350.4,4184.2,2124.1,2769.4,1.3037992561555483,3595537.0,218431.0,454945.0,859.3128913531858,1,1,0,1,1,4.0,4.0,0.5,0,0,0,1,1
199934481,SATO Oyj,2024-01-01,2024-12-31,2024,S&P,BBB,3,Investment Grade High Risk,5059.6,333.4,2599.8,2459.8,0.946149703823371,31469.0,0.0,33600.0,94.3881223755249,1,1,0,0,,1.0,5.0,0.16666666666666666,0,0,0,0,1
199934503,Neste Oyj,2024-01-01,2024-12-31,2024,Moody,A3,2,Investment Grade Low Risk,17495.0,20736.0,7417.0,8164.0,1.1007145746258595,59243000.0,2290000.0,503000.0,2857.011959876543,1,1,1,1,0,3.0,6.0,0.3333333333333333,0,0,0,1,1
199934554,Sampo Oyj,2024-01-01,2024-12-31,2024,Moody,A2,2,Investment Grade Low Risk,38615.197261,9762.0,7059.0,17419.0,2.467629975917269,329145.0,883.0,1886.0,33.71696373693915,1,0,0,0,0,3.0,6.0,0.3333333333333333,0,0,0,1,1
199934589,Svenska Handelsbanken AB (publ),2024-01-01,2024-12-31,2024,Fitch,AA+,1,Investment Grade Low Risk,310336.50405794714,16109.782703551866,18328.562701806524,290526.7475346902,15.851038199850494,46062094.0,143.0,4468.0,2859.2622785560156,1,0,0,0,0,6.0,6.0,0.5,0,0,1,1,1
199934619,Elisa Oyj,2024-01-01,2024-12-31,2024,S&P,BBB+,3,Investment Grade High Risk,8828.815595,2207.0,612.3,2123.7,3.4683978441940226,242815.0,925.0,44025.0,110.02038966923425,1,0,0,1,0,3.0,5.0,0.375,0,0,0,1,1
199934627,OP Corporate Bank plc (OP Yrityspankki Oyj),2024-01-01,2024-12-31,2024,S&P,AA-,1,Investment Grade Low Risk,161168.0,9231.0,18110.0,143058.0,7.899392600773053,4667928.0,339.0,16056.0,505.6795580110497,1,0,0,1,0,5.0,6.0,0.45454545454545453,0,0,1,0,1
199934791,Fingrid Oyj,2024-01-01,2024-12-31,2024,S&P,A+,2,Investment Grade Low Risk,3719.204,1426.276,599.905,3119.299,5.19965494536635,249021.0,6955.0,50982.0,174.59523963103914,0,1,0,1,0,2.0,3.0,0.4,0,0,0,0,1
199934805,Fortum Oyj,2024-01-01,2024-12-31,2024,Fitch,BBB+,3,Investment Grade High Risk,20280.0,6082.0,9154.0,8153.0,0.890648896657199,12870077.0,1351041.0,46694.0,2116.092897073331,1,1,1,1,0,3.0,6.0,0.3333333333333333,0,0,0,1,1
199934805,Fortum Oyj,2025-01-01,2025-12-31,2025,Fitch,BBB+,3,Investment Grade High Risk,24136.0,5124.0,8620.0,7824.0,0.9076566125290023,12091000.0,757800.0,179400.0,2359.67993754879,1,1,1,1,0,3.0,7.0,0.3,0,0,0,1,1
199934880,Swedavia AB,2024-01-01,2024-12-31,2024,Moody,Baa1,3,Investment Grade High Risk,2461.558600226907,564.2726241382345,897.285976088668,1564.272624138239,1.7433378720093367,383500.0,2100.0,,679.6360191772317,1,1,0,0,,3.0,7.0,0.3,0,0,0,0,1
199934937,Arion Banki hf,2024-01-01,2024-12-31,2024,Moody,A3,2,Investment Grade Low Risk,11445.343988881163,1208.7838776928415,1439.0965948575392,9806.678248783874,6.814468385115363,608.0,30.5,39.1,0.5029848686933729,1,0,0,0,0,3.0,2.0,0.6,0,0,1,1,1
199934937,Arion Banki hf,2025-01-01,2025-12-31,2025,Moody,A3,2,Investment Grade Low Risk,12348.777173913042,1211.1752717391305,1476.8410326086955,10450.910326086956,7.076530307142431,547.8,27.1,33.9,0.4522879658972992,1,0,0,0,0,3.0,2.0,0.6,0,0,1,1,1
199935100,Aktia Bank Abp,2024-01-01,2024-12-31,2024,Moody,A2,2,Investment Grade Low Risk,11834.56642,598.479,741.853,11162.405,15.046653447515885,152812.0,0.0,281.0,255.33393820000367,1,0,0,0,0,3.0,6.0,0.3333333333333333,0,0,1,1,1
199935267,Ålandsbanken Abp,2024-01-01,2024-12-31,2024,Moody,Baa1,3,Investment Grade High Risk,5109.769,357.109,335.96,4588.869,13.658974282652697,3036638.0,6.0,179.0,8503.39252161105,1,0,0,0,0,3.0,4.0,0.42857142857142855,0,0,1,1,1
199935267,Ålandsbanken Abp,2025-01-01,2025-12-31,2025,Moody,Baa1,3,Investment Grade High Risk,5497.508774,296.709,386.421,4787.071,12.388226830322369,4119188.0,6.0,137.0,13882.92232456717,1,0,0,0,0,3.0,4.0,0.42857142857142855,0,0,1,1,1
199935461,Suomen Hypoteekkiyhdistyksen,2024-01-01,2024-12-31,2024,S&P,BBB,3,Investment Grade High Risk,3478.594,178.142,165.683,3312.911,19.995479318940387,1365.0,0.0,32.0,7.662426603496088,0,0,0,0,0,3.0,4.0,0.42857142857142855,0,0,0,0,1
199935461,Suomen Hypoteekkiyhdistyksen,2025-01-01,2025-12-31,2025,S&P,BBB,3,Investment Grade High Risk,3645.97,119.69,173.183,3472.787,20.05270147762771,1305.0,4.0,28.0,10.903166513493192,0,0,0,0,0,4.0,4.0,0.5,0,0,0,0,1
199935904,NOBA Bank Group AB (publ),2024-01-01,2024-12-31,2024,NCR,BBB,3,Investment Grade High Risk,13888.035605201214,1316.0834278732934,1979.0557640282836,11908.979841172932,6.017505952905901,15014.8,0.0,18.3,11.408699237451044,0,0,0,0,0,3.0,5.0,0.375,0,0,1,0,1
199935945,Jernhusen AB,2024-01-01,2024-12-31,2024,S&P,A,2,Investment Grade Low Risk,2254.734270006119,166.33214067545237,906.7981499258266,1347.9361200802923,1.486478683476085,39440.0,276.0,5401.0,237.1159286463788,1,1,0,0,0,6.0,4.0,0.6,0,0,0,0,1
199935945,Jernhusen AB,2025-01-01,2025-12-31,2025,S&P,A,2,Investment Grade Low Risk,2704.4309938548145,177.51698008593928,1050.2240909300883,1654.11449429376,1.5750109986801584,53312.0,43.0,4820.0,300.3205663716827,1,1,0,0,0,6.0,4.0,0.6,0,0,0,0,1
199935967,Rikshem AB,2024-01-01,2024-12-31,2024,Moody,A3,2,Investment Grade Low Risk,5391.569945021405,322.628501614453,2283.3580591674768,3108.124618204046,1.361207720236958,62647.0,121.0,19091.0,194.176892886123,1,1,0,0,,4.0,3.0,0.5714285714285714,0,0,0,0,1
199935978,Kojamo Oyj,2024-01-01,2024-12-31,2024,Moody,Baa2,3,Investment Grade High Risk,7096.885907,472.0,3629.2,4776.2,1.3160476137991843,28662.0,0.0,27859.0,60.72457627118644,0,1,0,0,0,3.0,4.0,0.42857142857142855,0,0,0,1,1
199936008,Sparbanken Syd,2024-01-01,2024-12-31,2024,Moody,A3,2,Investment Grade Low Risk,1169.9656165459517,63.79553189632632,124.37690897984173,1045.5887075661099,8.406614347809308,77.23,57.8,1.23,1.2105863483590975,0,0,0,0,0,4.0,7.0,0.36363636363636365,0,0,1,0,0
199936008,Sparbanken Syd,2025-01-01,2025-12-31,2025,Moody,A3,2,Investment Grade Low Risk,1261.3571131543633,55.15113431594487,135.07803908885032,1126.279074065513,8.337988037601583,1200.0,87.0,2.0,21.75839200560314,0,0,0,0,0,5.0,7.0,0.4166666666666667,0,0,1,0,0
199936111,Svensk Exportkredit AB,2024-01-01,2024-12-31,2024,S&P,AA+,1,Investment Grade Low Risk,32122.698315734502,1685.574657474482,2144.34069290515,29978.357622829353,13.980221390200228,698.0,0.0,19.0,0.4141020968159443,1,0,0,0,0,4.0,4.0,0.5,0,0,0,0,1
199936120,Telia Company AB,2024-01-01,2024-12-31,2024,S&P,BBB+,3,Investment Grade High Risk,23170.764621869377,8015.533641679066,5179.945894057097,12646.478750327311,2.441430665296427,640766.0,5473.0,82512.0,79.94052905824678,1,0,0,0,0,4.0,7.0,0.36363636363636365,0,0,0,1,1
199936132,Finnair Plc.,2024-01-01,2024-12-31,2024,S&P,BB+,4,High Yield,3546.8,3233.7,627.1,3093.9,4.933662892680593,4341515.0,3459576.0,4856.0,1342.5843461050808,1,1,0,0,,3.0,5.0,0.375,0,0,0,1,1
199936137,Svenska Cellulosa AB SCA,2024-01-01,2024-12-31,2024,S&P,BBB,3,Investment Grade High Risk,12550.646419321114,2068.766908107174,9078.88995549354,3946.941268871647,0.43473830922285767,863000.0,279200.0,26700.0,417.1567113810831,1,1,0,1,0,6.0,6.0,0.5,0,0,0,1,1
199936153,Metso Oyj,2024-01-01,2024-12-31,2024,Moody,Baa2,3,Investment Grade High Risk,11848.2,4885.0,2611.0,4404.0,1.686710072769054,4052978.0,37670.0,75652.0,829.6781985670419,1,1,0,1,0,3.0,6.0,0.3333333333333333,0,0,0,1,1
199936165,Nordic Investment Bank,2024-01-01,2024-12-31,2024,S&P,AAA,1,Investment Grade Low Risk,43103.754,1927.309,4552.573,38551.181,8.467998426384375,1737.0,18.0,312.0,0.9012566225758298,1,0,0,0,0,5.0,2.0,0.7142857142857143,0,0,0,0,0
199936174,Jyske Bank A/S,2024-01-01,2024-12-31,2024,S&P,A+,2,Investment Grade Low Risk,98015.098286358,4027.9975327844713,6783.233661401492,93809.43441765677,13.829603858622598,2110340.0,640.0,1426.0,523.9178978695068,1,0,0,0,0,5.0,6.0,0.45454545454545453,0,0,1,1,1
199936174,Jyske Bank A/S,2025-01-01,2025-12-31,2025,S&P,A+,2,Investment Grade Low Risk,104224.12817429594,3437.186198770899,7003.976489175104,97034.90473831476,13.854259061018505,1844852.0,381.0,1311.0,536.7332152851362,1,0,0,0,0,6.0,5.0,0.5454545454545454,0,0,1,1,1
199936189,AL Sydbank A/S,2024-01-01,2024-12-31,2024,Moody,A1,2,Investment Grade Low Risk,26472.552227198394,1308.4287591514938,2116.441846120842,23852.208426077417,11.269956918398377,598183.0,322.0,850.0,457.17659124820614,1,0,0,0,0,5.0,7.0,0.4166666666666667,0,0,0,1,1
199936189,AL Sydbank A/S,2025-01-01,2025-12-31,2025,Moody,A1,2,Investment Grade Low Risk,47289.560711751335,1182.235670580673,5040.501278635402,40742.67964492758,8.083061067282918,1072398.0,303.0,901.0,907.0932527972831,1,0,0,0,0,5.0,9.0,0.35714285714285715,0,0,0,1,1
199936198,Teollisuuden Voima Oyj,2024-01-01,2024-12-31,2024,Moody,Baa3,3,Investment Grade High Risk,9125.805,1058.744,2277.857,6847.948,3.006311634136823,80080.0,2052.0,4152.0,75.63679227461975,1,1,0,1,0,2.0,8.0,0.2,0,0,0,0,1
199936200,Finnvera PLC,2024-01-01,2024-12-31,2024,Fitch,AA,1,Investment Grade Low Risk,14756.373,1267.066,1542.487,13213.886,8.566610934160224,3723147.0,42.0,,2938.4002096181257,0,0,0,0,0,6.0,6.0,0.5,0,0,0,0,1
199936202,Ringkjøbing Landbobank A/S,2024-01-01,2024-12-31,2024,Moody,Aa3,1,Investment Grade Low Risk,13502.438810373045,676.2641797849238,1479.5609965405363,9064.18997559603,6.126269884641213,559159.0,70.0,404.0,826.8351580854578,1,0,0,0,0,5.0,4.0,0.5555555555555556,0,0,1,1,1
199936202,Ringkjøbing Landbobank A/S,2025-01-01,2025-12-31,2025,Moody,Aa3,1,Investment Grade Low Risk,15235.602429541144,636.7169194928294,1548.8168271097463,10006.93020391221,6.461015937298528,585238.0,51.0,310.0,919.1494400151413,1,0,0,0,0,5.0,7.0,0.4166666666666667,0,0,1,1,1
199936203,Nykredit Bank A/S,2024-01-01,2024-12-31,2024,Fitch,A+,2,Investment Grade Low Risk,32665.93365335625,1504.7332993644252,5375.579929737998,27290.353723618253,5.076727363432277,5667750.0,114.0,681.0,3766.6143245410767,1,0,0,1,0,3.0,4.0,0.42857142857142855,0,0,0,0,1
199936275,Stockholms Kooperativa Bostadsförening Kooperativ Hyresrättsförening,2024-01-01,2024-12-31,2024,S&P,AA-,1,Investment Grade Low Risk,818.6972685225624,84.10096867091407,374.30587311283875,444.3913954097236,1.1872413107334727,13625.0,11.0,4592.0,162.00764646736042,1,1,0,0,0,4.0,5.0,0.4444444444444444,0,0,0,0,0
199936278,Atrium Ljungberg AB (publ),2024-01-01,2024-12-31,2024,Moody,Baa2,3,Investment Grade High Risk,5118.001714809343,308.31660703377395,2437.123658259894,2936.8182214853086,1.2050345543739034,2095.0,297.0,7917.0,6.794963204075826,1,1,0,0,0,2.0,4.0,0.3333333333333333,0,0,0,1,1
199936278,Atrium Ljungberg AB (publ),2025-01-01,2025-12-31,2025,Moody,Baa2,3,Investment Grade High Risk,5210.995103451441,332.1166196922778,2614.8870304486327,3336.783255556055,1.2760716683747395,25708.0,260.0,5083.0,77.40654479688403,1,1,0,0,0,2.0,6.0,0.25,0,0,0,1,1
199936429,Jyske Realkredit A/S,2024-01-01,2024-12-31,2024,S&P,A+,2,Investment Grade Low Risk,98015.098286358,4027.9975327844713,6783.233661401492,93809.43441765677,13.829603858622598,2110340.0,640.0,1426.0,523.9178978695068,1,0,0,0,0,5.0,6.0,0.45454545454545453,0,0,1,1,1
199936429,Jyske Realkredit A/S,2025-01-01,2025-12-31,2025,S&P,A+,2,Investment Grade Low Risk,104224.12817429594,3437.186198770899,7003.976489175104,97034.90473831476,13.854259061018505,1844852.0,381.0,1311.0,536.7332152851362,1,0,0,0,0,6.0,5.0,0.5454545454545454,0,0,1,1,1
199936431,Nykredit Realkredit A/S,2024-01-01,2024-12-31,2024,Fitch,A+,2,Investment Grade Low Risk,237743.168226555,8795.489286384733,14079.487248250169,223663.68097830482,15.885783127940421,5608256.0,114.0,681.0,637.628654574281,1,0,0,0,0,4.0,11.0,0.26666666666666666,0,0,0,0,1
199936437,DLR Kredit A/S,2024-01-01,2024-12-31,2024,S&P,A-,2,Investment Grade Low Risk,27696.10340851192,1095.0950682506916,2362.895223792542,25333.20818471938,10.721257519010328,2743995.4,0.4,280.0,2505.7143252259066,0,0,0,0,0,0.0,7.0,0.0,0,0,0,0,1
199936440,Danmarks Skibskredit A/S,2024-01-01,2024-12-31,2024,S&P,BBB+,3,Investment Grade High Risk,7817.586955938757,1113.5991847461728,1242.8598246131578,6574.727131325599,5.289998921134967,298.0,2.0,65.0,0.2676007706201081,1,0,0,0,,1.0,10.0,0.09090909090909091,0,0,0,0,0
199936440,Danmarks Skibskredit A/S,2025-01-01,2025-12-31,2025,S&P,BBB+,3,Investment Grade High Risk,8563.510021556041,864.9198677181367,1245.8327196775947,7317.677301878446,5.873723804406233,226.0,4.0,44.0,0.26129588235294154,1,0,0,0,,1.0,10.0,0.09090909090909091,0,0,0,0,0
199936446,Spar Nord Bank A/S,2024-01-01,2024-12-31,2024,Moody,A1,2,Investment Grade Low Risk,20563.16876290597,1029.7943093137396,1961.4363485210135,17318.243986162157,8.829368334700575,728302.0,194.0,784.0,707.2305541145827,1,0,0,0,0,5.0,5.0,0.5,0,0,1,1,1
199936446,Spar Nord Bank A/S,2025-01-01,2025-12-31,2025,Moody,A1,2,Investment Grade Low Risk,19566.870623518833,876.43428081779,2149.044705378299,17417.825918140534,8.104915581583702,582612.0,124.0,522.0,664.7526377635206,1,0,0,0,0,4.0,5.0,0.4444444444444444,0,0,1,0,1
199936490,DSV A/S,2024-01-01,2024-12-31,2024,S&P,A-,2,Investment Grade Low Risk,64501.86382042968,22494.03309286923,15353.455442623845,16364.343372040028,1.065841069666297,13809000.0,202000.0,205000.0,613.8961360547456,1,1,1,0,,3.0,5.0,0.375,0,0,0,1,1
199936490,DSV A/S,2025-01-01,2025-12-31,2025,S&P,A-,2,Investment Grade Low Risk,74265.68838784817,33260.58723506804,15720.387205612586,23120.27206148158,1.4707189943277634,19608000.0,362000.0,274000.0,589.5265727397158,1,1,1,0,,3.0,5.0,0.375,0,0,0,1,1
199936508,Investor AB,2024-01-01,2024-12-31,2024,Moody,Aa3,1,Investment Grade Low Risk,89933.45754428874,6962.03857230128,71537.83052622425,11548.91351775902,0.16143784949594514,94160.0,11.0,91.0,13.524774248539636,1,0,0,0,0,5.0,8.0,0.38461538461538464,0,0,0,1,1
199936520,Metsä Board Oyj,2024-01-01,2024-12-31,2024,Moody,Baa3,3,Investment Grade High Risk,2638.385001,2025.7,1907.7,1086.4,0.5694815746710699,2066225.0,192098.0,259495.0,1020.0054302216517,1,1,0,1,0,4.0,5.0,0.4444444444444444,0,0,0,1,1
199936520,Metsä Board Oyj,2025-01-01,2025-12-31,2025,Moody,Baa3,3,Investment Grade High Risk,2316.39278,1829.2,1756.7,1169.1,0.6655091933739397,1729121.0,139723.0,143634.0,945.2881040892194,1,1,0,1,0,3.0,5.0,0.375,0,0,0,1,1
199936529,Fastighetsaktiebolaget Förvaltaren,2024-01-01,2024-12-31,2024,S&P,AA-,1,Investment Grade Low Risk,553.7570468627305,72.87494545771915,307.7094859935436,246.0475608691869,0.7996099310189921,221.0,9.0,212.0,3.0325923211595485,1,1,0,0,0,3.0,5.0,0.375,0,0,0,0,1
199936531,Securitas AB (publ),2024-01-01,2024-12-31,2024,S&P,BBB,3,Investment Grade High Risk,13589.107023213257,14177.851470459964,3724.5832969718294,7060.651016668153,1.895688847235239,1647515.0,119062.0,,116.20343205263883,1,0,0,0,0,4.0,7.0,0.36363636363636365,0,0,0,1,1
199936574,Carlsberg Breweries A/S,2024-01-01,2024-12-31,2024,Fitch,BBB+,3,Investment Grade High Risk,23960.551369036468,10186.650218563125,4104.695754780234,11180.240821690053,2.7237684568143212,8278000.0,331000.0,300000.0,812.6322021850723,1,1,0,1,0,4.0,10.0,0.2857142857142857,0,1,0,1,1
199936574,Carlsberg Breweries A/S,2025-01-01,2025-12-31,2025,Fitch,BBB+,3,Investment Grade High Risk,31758.491879660953,12080.895446451268,4107.164374941418,16505.643401304053,4.018744295214501,9041000.0,305000.0,318000.0,748.3716782480533,1,1,0,1,0,5.0,8.0,0.38461538461538464,0,1,0,1,1
199936581,Oma Säästöpankki Oy,2024-01-01,2024-12-31,2024,S&P,BBB,3,Investment Grade High Risk,7482.953456,421.464,576.143,7132.947,12.380514906889434,588956.0,2.0,834.0,1397.4052350853217,0,0,0,0,0,3.0,4.0,0.42857142857142855,0,0,1,1,1
199936586,Vacse AB (Publ),2024-01-01,2024-12-31,2024,NCR,A-,2,Investment Grade Low Risk,939.7565232568329,54.29793175669804,486.7259795793721,453.0305436774608,0.9307712402550797,4864.3,54.0,908.3,89.58536435229789,1,1,0,0,0,0.0,8.0,0.0,0,0,0,0,1
199936595,Sparbanken Skåne AB (publ),2024-01-01,2024-12-31,2024,S&P,A,2,Investment Grade Low Risk,9905.824155685532,506.93201850074405,920.3005497861984,8985.523605899334,9.763683840009469,98.0,34.0,0.0,0.19331980704204849,0,0,0,0,0,4.0,6.0,0.4,0,0,1,0,0
199936595,Sparbanken Skåne AB (publ),2025-01-01,2025-12-31,2025,S&P,A,2,Investment Grade Low Risk,10743.566880746615,397.2970475442389,1043.5504320103453,9700.01644873627,9.295206202971615,340.2,8.6,11.9,0.856286252573067,0,0,0,0,0,5.0,6.0,0.45454545454545453,0,0,1,0,0
199936636,Heimstaden AB (publ),2024-01-01,2024-12-31,2024,Fitch,B-,5,High Yield,19943.24953093647,1585.2168601099645,12898.42045553719,19688.716292870322,1.5264439828690892,273914.0,20485.0,160728.0,172.79276223506665,1,1,0,1,0,1.0,3.0,0.25,0,0,0,1,1
199936641,Landsbankinn hf.,2024-01-01,2024-12-31,2024,S&P,A-,2,Investment Grade Low Risk,15161.633078526747,1277.8874218207081,2256.073662265461,12905.559416261287,5.720362607000176,378772.2,67.9,74.3,296.40498335943636,1,0,0,0,0,4.0,5.0,0.4444444444444444,0,0,1,0,1
199936641,Landsbankinn hf.,2025-01-01,2025-12-31,2025,S&P,A-,2,Investment Grade Low Risk,15794.422554347826,1383.485054347826,2335.414402173913,13459.008152173912,5.763006402480706,387933.2,57.0,80.2,280.4028845710021,1,0,0,0,0,3.0,5.0,0.375,0,0,1,0,1
199936642,Alfa Laval Treasury International AB (publ),2024-01-01,2024-12-31,2024,S&P,BBB+,3,Investment Grade High Risk,20817.907840911168,5963.260319399626,3689.850772318718,4059.7783401693177,1.1002554278416348,49573628.0,16113.0,65086.0,8313.175233810858,1,1,0,0,0,3.0,6.0,0.3333333333333333,0,0,0,1,1
199936643,Dometic Group Ab (publ),2024-01-01,2024-12-31,2024,Moody,Ba3,4,High Yield,3837.1585335544287,2161.7069552317053,2222.2707042499446,2387.293830177164,1.0742587865698017,37070.0,7896.0,17063.0,17.148485325582257,1,1,0,0,0,3.0,5.0,0.375,0,0,0,1,1
199936644,Vattenfall AB (publ),2024-01-01,2024-12-31,2024,S&P,BBB+,3,Investment Grade High Risk,48738.720656252946,21750.15271838739,17621.171131861498,31117.54952439145,1.7659183542078338,24630000.0,3300000.0,30000.0,1132.4058418761358,1,1,1,1,1,3.0,8.0,0.2727272727272727,0,1,0,0,1
199936663,Atlas Copco AB,2024-01-01,2024-12-31,2024,Moody,A1,2,Investment Grade Low Risk,78102.6267562618,15582.16249236415,9927.567850597829,8271.053320534116,0.8331399437412096,224327000.0,91000.0,145000.0,14396.397169515381,1,1,0,1,0,5.0,8.0,0.38461538461538464,0,0,0,1,1
199936665,Stena AB,2024-01-01,2024-12-31,2024,S&P,BB,4,High Yield,14045.466445588683,4784.885243040427,4696.483113709769,9348.983331878915,1.9906349294832488,2402990.0,2330581.0,10297.0,502.20431169067797,1,1,0,0,,2.0,7.0,0.2222222222222222,0,0,0,0,1
199936672,Mercedes-Benz Group AG,2024-01-01,2024-12-31,2024,DBRS,A,2,Investment Grade Low Risk,223010.896555,145594.0,93630.0,171380.0,1.8303962405212004,129600000.0,600000.0,1000000.0,890.1465719741199,1,1,0,1,0,9.0,11.0,0.45,0,0,0,1,1
199936679,UPM-Kymmene Oyj,2024-01-01,2024-12-31,2024,S&P,BBB,3,Investment Grade High Risk,21732.020165,10469.0,11540.0,7556.0,0.6547660311958405,11550000.0,2180000.0,1640000.0,1103.257235648104,1,1,1,1,0,4.0,6.0,0.4,0,0,0,1,1
199936681,Nokia Oyj,2024-01-01,2024-12-31,2024,S&P,BBB-,3,Investment Grade High Risk,41345.347716,20057.0,20747.0,18402.0,0.8869716103533041,26011608.0,38447.0,313865.0,1296.8842798025628,1,0,0,0,0,4.0,6.0,0.4,0,0,0,1,1
199936686,Vestas Wind Systems A/S,2024-01-01,2024-12-31,2024,Moody,Baa2,3,Investment Grade High Risk,34318.328739,17295.0,3542.0,21102.0,5.957651044607567,8095000.0,104000.0,48000.0,468.054350968488,1,1,0,1,1,6.0,4.0,0.6,0,0,0,1,1
199936688,Mölnlycke Holding AB,2024-01-01,2024-12-31,2024,S&P,BBB-,3,Investment Grade High Risk,4674.8,2094.4,1859.1,2815.7,1.5145500510999945,549130.0,52356.0,51586.0,262.1896485867074,1,1,0,0,0,5.0,7.0,0.4166666666666667,0,0,0,0,1
199936702,Loomis AB,2024-01-01,2024-12-31,2024,S&P,BBB,3,Investment Grade High Risk,4416.999738197071,2666.7248450999336,1189.545335544119,2332.664281350914,1.9609713153840513,301497.0,130129.0,18650.0,113.05890840369082,1,0,0,0,0,3.0,4.0,0.42857142857142855,0,0,0,1,1
199936704,Danfoss A/S,2024-01-01,2024-12-31,2024,S&P,BBB,3,Investment Grade High Risk,11736.0,9678.0,5601.0,6135.0,1.0953401178361006,124240079.0,130742.0,256001.0,12837.371254391403,1,1,0,1,0,3.0,9.0,0.25,0,0,0,0,1
199936712,Ørsted A/S,2024-01-01,2024-12-31,2024,S&P,BBB-,3,Investment Grade High Risk,45785.36072461052,10676.607042291304,12535.063959880943,27528.493657647054,2.1961191219887892,9777560.0,733299.0,58925.0,915.7928133226153,1,1,1,1,1,5.0,5.0,0.5,0,0,0,1,1
199936718,Willhem AB,2024-01-01,2024-12-31,2024,S&P,A-,2,Investment Grade Low Risk,5382.232306484011,269.0461645867889,2109.957238851567,3272.2750676324436,1.5508726941847963,67351.0,64.0,15912.0,250.33250373013183,1,1,0,0,0,2.0,3.0,0.4,0,0,0,0,1
199936725,Lantmännen Ekonomisk Förening,2024-01-01,2024-12-31,2024,Moody,Baa3,3,Investment Grade High Risk,4776.507548651736,5993.5421939087455,2240.509643075322,2535.910637926532,1.1318454467554726,267400.0,59600.0,232000.0,44.614685497961354,1,1,0,1,0,4.0,9.0,0.3076923076923077,0,0,0,0,1
199936726,Saxo Bank A/S,2024-01-01,2024-12-31,2024,S&P,A-,2,Investment Grade Low Risk,12505.564643728725,926.1444393789062,840.1941591354026,11665.370484593323,13.88413661027769,1058164.0,105.0,1253.0,1142.547485044157,1,0,0,1,0,0.0,6.0,0.0,0,0,0,0,1
199936735,Stendörren Fastigheter AB,2024-01-01,2024-12-31,2024,NCR,BB,4,High Yield,1406.4760071559535,79.41356139279205,470.80897111441004,835.936818221489,1.7755329008341054,9081.0,25.0,1854.0,114.35074615384565,1,1,0,0,0,2.0,4.0,0.3333333333333333,0,0,0,1,1
199936737,Svensk FastighetsFinansiering (SFF) AB,2024-01-01,2024-12-31,2024,NCR,BBB+,3,Investment Grade High Risk,554.9016493585852,22.899642202635587,91.50946854001263,463.3921808185726,5.063871402727618,1098.84,5.75,434.56,47.985029210348586,1,0,0,0,0,1.0,5.0,0.16666666666666666,0,0,0,0,1
199936751,Danske Bank A/S,2024-01-01,2024-12-31,2024,Fitch,A+,2,Investment Grade Low Risk,497497.04526160576,14273.512295851337,23557.483440156637,474718.4156185475,20.151491003887596,9327.0,215.0,4265.0,0.6534481357269672,1,0,0,0,0,6.0,6.0,0.5,0,0,1,1,1
199936751,Danske Bank A/S,2025-01-01,2025-12-31,2025,Fitch,A+,2,Investment Grade Low Risk,513120.941504103,13392.735208665248,24255.512859992738,478350.09171363857,19.721293648778442,6622.0,219.0,3053.0,0.4944471683211875,1,0,0,0,0,6.0,6.0,0.5,0,0,1,1,1
199936752,Kommunekredit A/S,2024-01-01,2024-12-31,2024,Moody,Aaa,1,Investment Grade Low Risk,33856.901499101645,847.4349003727649,1366.0865134490077,32490.814985652636,23.78386336866902,73.0,0.0,7.0,0.08614231012658219,1,0,0,0,0,2.0,8.0,0.2,0,0,0,0,0
199936757,Nordea Bank Abp,2024-01-01,2024-12-31,2024,Moody,Aa2,1,Investment Grade Low Risk,627696.635612,25843.0,32436.0,590919.0,18.217998520162784,19846099.0,1810.0,16779.0,767.9487288627481,1,0,0,1,0,5.0,9.0,0.35714285714285715,0,0,1,1,1
199936757,Nordea Bank Abp,2025-01-01,2025-12-31,2025,Moody,Aa2,1,Investment Grade Low Risk,677181.505632,22216.0,32419.0,621931.0,19.184151269317375,19791381.0,1032.0,13688.0,890.8615862441484,1,0,0,1,0,5.0,8.0,0.38461538461538464,0,0,1,0,1
199936759,Skandinaviska Enskilda Banken AB,2024-01-01,2024-12-31,2024,S&P,AA-,1,Investment Grade Low Risk,335624.2254996088,16861.855310236573,20171.74273496824,307869.79666637717,15.262429266097909,36614802.0,695.0,5769.0,2171.4574894834805,1,0,0,0,0,6.0,7.0,0.46153846153846156,0,0,1,1,1
199936789,Landshypotek Bank AB (publ),2024-01-01,2024-12-31,2024,S&P,A,2,Investment Grade Low Risk,10849.288768653509,438.4326730081179,662.3614626058151,10186.927306047693,15.379710144927534,120.3,0.0,61.6,0.2743864848726102,1,0,0,0,0,3.0,6.0,0.3333333333333333,0,0,0,0,1
199936795,Stockholm Exergi Holding AB (publ),2024-01-01,2024-12-31,2024,S&P,BBB,3,Investment Grade High Risk,2865.607819181442,747.4474212409493,1012.9156121825685,1852.7794746487561,1.82915482036702,676000.0,482000.0,81000.0,904.4114419147654,1,1,1,1,0,5.0,6.0,0.45454545454545453,0,0,0,0,1
199936802,Swedbank AB (publ),2024-01-01,2024-12-31,2024,S&P,AA-,1,Investment Grade Low Risk,264984.2154862565,12114.407888995604,19102.975826861068,243546.2954882636,12.749128601513927,101433617.0,853.0,9500.0,8372.973564159047,1,0,0,0,0,5.0,8.0,0.38461538461538464,0,0,1,1,1
199936802,Swedbank AB (publ),2025-01-01,2025-12-31,2025,S&P,AA-,1,Investment Grade Low Risk,295517.79432250484,10287.29843367366,20868.27149655769,262159.3124797845,12.562579153861822,135601543.0,533.0,8563.0,13181.45321381289,1,0,0,0,0,5.0,8.0,0.38461538461538464,0,0,1,1,1
199936803,SBAB Bank AB (Publ),2024-01-01,2024-12-31,2024,S&P,A+,2,Investment Grade Low Risk,57586.70041015821,2465.136573872077,2277.5111266253703,55309.18928353285,24.284926047973027,144702.0,0.0,28.0,58.69938466440075,1,0,0,0,0,7.0,4.0,0.6363636363636364,0,0,1,0,1
199936871,Varbergs Sparbank AB (publ),2024-01-01,2024-12-31,2024,NCR,A,2,Investment Grade Low Risk,1834.7353172179155,95.31721790732219,437.53756872327625,1397.1977484946394,3.193320638891942,259.8,0.0,4.1,2.725635574598977,0,0,0,0,0,3.0,6.0,0.3333333333333333,0,0,1,0,0
199937293,Kvika banki hf.,2024-01-01,2024-12-31,2024,Moody,Baa2,3,Investment Grade High Risk,2505.956601806809,249.64423905489912,622.0798262682415,1842.092807505211,2.9611839666231172,282.0,46.0,22.0,1.129607480899992,0,0,0,0,0,2.0,3.0,0.4,0,0,0,1,1
199937293,Kvika banki hf.,2025-01-01,2025-12-31,2025,Moody,Baa2,3,Investment Grade High Risk,2414.7404891304345,251.74592391304347,468.30842391304344,1862.6154891304348,3.977326466961631,332.14,23.92,25.74,1.319346088458321,0,0,0,0,,2.0,3.0,0.4,0,0,0,1,1
199937403,Alimentation Couche-Tard Inc.,2024-01-01,2024-12-31,2024,S&P,BBB+,3,Investment Grade High Risk,73776.85994994681,66670.03561459214,12803.349696794645,22755.510636249805,1.7773091554272482,153554078.0,173458.0,674834.0,2303.194779850867,1,1,1,0,,6.0,10.0,0.375,0,0,0,1,1
199937581,Hoist Finance AB (publ),2024-01-01,2024-12-31,2024,Moody,Baa2,3,Investment Grade High Risk,5099.328582686121,446.3740291473971,585.1295924600777,4383.366785932475,7.491275167785236,1539.0,336.0,,3.4477812316715384,1,0,0,0,0,1.0,5.0,0.16666666666666666,0,0,0,1,1
199937619,Føroya Banki P/F,2024-01-01,2024-12-31,2024,Moody,A3,2,Investment Grade Low Risk,1875.4317627182297,125.66373461342499,278.37123548499585,1667.4631928987117,5.99007002283678,278.0,29.2,248.8,2.2122532077786943,1,0,0,0,0,2.0,9.0,0.18181818181818182,0,0,0,1,1
199937646,Klarna Bank AB,2024-01-01,2024-12-31,2024,S&P,BBB-,3,Investment Grade High Risk,13290.339471158102,2787.2414695872367,2182.1275853041375,11108.211885853963,5.090541891621676,83744.0,69.0,504.0,30.045477190895006,1,0,0,0,0,2.0,5.0,0.2857142857142857,0,0,0,0,1
199937853,BNP Paribas SA,2024-01-01,2024-12-31,2024,Moody,A1,2,Investment Grade Low Risk,2637348.513474,121138.0,134141.0,2570767.0,19.164662556563616,22096670.0,9059.0,29151.0,182.40907064670046,1,0,0,0,0,7.0,8.0,0.4666666666666667,0,0,1,1,1
199937854,Volvo Car AB,2024-01-01,2024-12-31,2024,Moody,Ba1,4,High Yield,27706.169822846798,35118.596736190055,12409.372545597404,21470.983506414268,1.7302231379967508,40892000.0,59000.0,167000.0,1164.3973222272973,1,1,0,1,0,7.0,7.0,0.5,0,0,0,1,1
199937879,LSTH Svenska Handelsfastigheter AB (publ),2024-01-01,2024-12-31,2024,NCR,BBB,3,Investment Grade High Risk,1815.163801378837,131.33920935509266,733.5555458591533,1081.6082555196838,1.4744735577629433,9060.5,132.4,2338.9,68.98549218081371,1,1,0,0,0,1.0,4.0,0.2,0,0,0,0,1
199937899,If Skadeförsäkring Holding AB (publ),2024-01-01,2024-12-31,2024,S&P,A,2,Investment Grade Low Risk,16544.637402914814,6544.724670564651,3797.1899816738105,12747.447421241004,3.3570739106453393,346151.0,182.0,1001.0,52.89007825750683,1,0,0,0,0,0.0,4.0,0.0,0,0,0,0,1
199937928,Ellevio AB,2024-01-01,2024-12-31,2024,S&P,BBB,3,Investment Grade High Risk,8876.079937167333,800.1570817697916,830.0898856793824,8045.99005148795,9.692914213624896,68329.0,1119.0,5863.0,85.39448260442757,1,1,0,1,0,3.0,4.0,0.42857142857142855,0,0,0,0,0
199937985,Norion Bank AB,2024-01-01,2024-12-31,2024,NCR,BB+,4,High Yield,5727.451657736303,492.5386159350751,789.9467667335755,5075.050178898705,6.4245470614228894,3129.3,0.5,15.2,6.353410471296924,1,0,0,0,0,2.0,5.0,0.2857142857142857,0,0,0,1,1
199938034,Essity AB,2024-01-01,2024-12-31,2024,S&P,BBB+,3,Investment Grade High Risk,26166.100130901592,12753.207086133229,7744.21851819534,8425.080722576178,1.087918774861676,2241000.0,1230000.0,1011000.0,175.7205058198009,1,1,0,1,1,6.0,6.0,0.5,0,0,0,1,1
199938071,Samhällsbyggnadsbolaget i Norden AB (publ),2024-01-01,2024-12-31,2024,Fitch,CCC,6,High Yield,5921.060867091396,395.7587922157274,2320.0104721179964,5260.144864298828,2.26729358660899,28457.0,506.0,10407.0,71.9049091510471,1,1,0,0,0,0.0,6.0,0.0,0,0,0,1,1
199938117,Autoliv Inc,2024-01-01,2024-12-31,2024,Fitch,BBB+,3,Investment Grade High Risk,12326.00154009044,10020.213687554111,2199.4417172008784,5311.387043988817,2.4148796498905907,4073000.0,75000.0,309000.0,406.4783573487045,1,1,0,0,,3.0,9.0,0.25,0,0,0,1,1
199938138,Deutsche Bank AG,2024-01-01,2024-12-31,2024,DBRS,A-H,2,Investment Grade Low Risk,1340111.893,59730.0,79432.0,1307745.0,16.463704804109174,1111824.0,16978.0,99164.0,18.61416373681567,1,0,0,0,0,7.0,13.0,0.35,0,0,1,1,1
199938154,Humlegården Fastigheter AB (publ),2024-01-01,2024-12-31,2024,S&P,BBB+,3,Investment Grade High Risk,3596.919451959175,173.80225150536774,1995.9507810454754,1600.9686709136995,0.8021082915056227,5773.4,123.4,895.8,33.21821178951582,1,1,0,0,0,1.0,5.0,0.16666666666666666,0,0,0,0,1
199938156,Intea Fastigheter AB (publ),2024-01-01,2024-12-31,2024,NCR,BBB,3,Investment Grade High Risk,2153.5910637926618,106.46653285627066,901.911161532424,1251.76716991012,1.387905176584422,1981.0,,1981.0,18.606786065573687,1,1,0,1,1,2.0,6.0,0.25,0,0,0,0,1
199938227,Stena International SA,2024-01-01,2024-12-31,2024,S&P,BB,4,High Yield,14045.466445588683,4784.885243040427,4696.483113709769,9348.983331878915,1.9906349294832488,2402990.0,2330581.0,10297.0,502.20431169067797,1,1,0,0,,2.0,7.0,0.2222222222222222,0,0,0,0,1
199938241,Verisure Midholding AB,2024-01-01,2024-12-31,2024,S&P,BB+,4,High Yield,5196.487,3440.841,-4125.468,9321.955,-2.2596115155904735,161083.0,48140.0,4233.0,46.81500830756202,1,0,0,0,0,2.0,3.0,0.4,0,0,0,0,1
199938255,Compactor Fastigheter AB (publ),2024-01-01,2024-12-31,2024,Scope,BBB-,3,Investment Grade High Risk,3378.087093114598,202.05951653722056,1393.2978444890541,1984.7892486255435,1.424526174698418,446.0,73.0,373.0,2.2072704500302223,1,1,0,0,0,0.0,3.0,0.0,0,0,0,0,1
199938310,Sparbanken Skaraborg AB (publ),2024-01-01,2024-12-31,2024,NCR,A-,2,Investment Grade Low Risk,1620.4978619425851,75.9379527009341,427.2240160572495,1193.2738458853357,2.793087001282795,171.2,0.0,,2.254472156686074,0,0,0,0,0,2.0,4.0,0.3333333333333333,0,0,1,0,0
199938357,Transcom Holding AB (publ),2024-01-01,2024-12-31,2024,S&P,B-,5,High Yield,617.539,746.206,59.882,557.657,9.312598109615578,43311.0,1574.0,7279.0,58.04161317384207,1,0,0,0,0,1.0,7.0,0.125,0,0,0,0,1
199938369,Indutrade AB (publ),2024-01-01,2024-12-31,2024,S&P,BBB-,3,Investment Grade High Risk,10357.402129330703,2881.141460860472,1453.2681734880946,1550.5716031067354,1.0669549030204768,1088719.0,12445.0,12044.0,377.8776623050112,1,1,0,0,,4.0,4.0,0.5,0,0,0,1,1
199938389,Banco Bilbao Vizcaya Argentaria S.A.,2024-01-01,2024-12-31,2024,Fitch,A,2,Investment Grade Low Risk,766851.047644,75438.0,60014.0,712388.0,11.870363581830906,1393018.0,41856.0,198679.0,18.465733449985418,1,0,0,0,0,8.0,8.0,0.5,0,0,1,1,1
199938391,Investment AB Latour (publ),2024-01-01,2024-12-31,2024,Fitch,A,2,Investment Grade Low Risk,17429.867876778157,2300.375250894504,3834.715071123152,2024.3476743171398,0.5279004141823312,5712303.0,11798.0,9477.0,2483.204858763266,1,1,0,0,,3.0,5.0,0.375,0,0,0,1,1
199938443,Platzer Fastigheter Holding AB,2024-01-01,2024-12-31,2024,NCR,BBB-,3,Investment Grade High Risk,2591.794120254833,146.60965180207762,1099.2233179160535,1694.8250283619939,1.541838678945697,18208.0,216.0,,124.19373333333279,1,1,0,0,0,1.0,5.0,0.16666666666666666,0,0,0,1,1
199938447,Catena AB,2024-01-01,2024-12-31,2024,Fitch,BBB,3,Investment Grade High Risk,4366.6401249672945,196.78855048433635,2015.7954446286853,1875.1199930185965,0.9302134291527772,63212.0,334.0,3282.0,321.2178749445662,1,1,0,1,1,3.0,4.0,0.42857142857142855,0,0,0,1,1
199938502,Bayer AG,2024-01-01,2024-12-31,2024,Fitch,BBB,3,Investment Grade High Risk,97805.0,48930.0,32045.0,78805.0,2.4591980028085505,11340000.0,1880000.0,1650000.0,231.75965665236052,1,1,0,1,0,10.0,12.0,0.45454545454545453,0,0,0,1,1
199938564,AB Bonnier Fastigheter Finans (publ),2024-01-01,2024-12-31,2024,NCR,BBB-,3,Investment Grade High Risk,1958.0242604066761,87.70398813160001,1029.4091980103021,928.6150623963739,0.9020854526958292,1711.0,17.0,341.0,19.50880497512429,1,0,0,0,0,1.0,5.0,0.16666666666666666,0,0,0,0,0
199938567,Alfa Laval AB,2024-01-01,2024-12-31,2024,S&P,BBB+,3,Investment Grade High Risk,20817.907840911168,5963.260319399626,3689.850772318718,4059.7783401693177,1.1002554278416348,49573628.0,16113.0,65086.0,8313.175233810858,1,1,0,0,0,3.0,6.0,0.3333333333333333,0,0,0,1,1
199938568,Sandvik Treasury Aktiebolag (publ),2024-01-01,2024-12-31,2024,S&P,BBB+,3,Investment Grade High Risk,29355.52840562017,10821.363120691209,8464.874770922457,7625.8835849550915,0.9008855761399602,8348000.0,81000.0,205000.0,771.4370090804953,1,1,0,0,0,3.0,7.0,0.3,0,0,0,1,1
199938570,Fastighets AB Stenvalvet,2024-01-01,2024-12-31,2024,NCR,BBB,3,Investment Grade High Risk,1472.0307182127651,95.38354132123266,591.5001309014775,880.5305873112877,1.488639716730599,9541.0,89.0,983.0,100.02773924977082,1,1,0,0,0,2.0,2.0,0.5,0,0,0,0,1
199938639,Heba Fastighets Aktiebolag,2024-01-01,2024-12-31,2024,NCR,BBB,3,Investment Grade High Risk,1145.2641591761985,51.22296884544922,562.919713762111,673.3486342612824,1.1961717058391004,1361.0,1.0,1170.0,26.57011162524436,1,1,0,0,0,3.0,2.0,0.6,0,0,0,1,1
199938681,Klarna Holding AB,2024-01-01,2024-12-31,2024,S&P,BB+,4,High Yield,13290.339471158102,2787.2414695872367,2182.1275853041375,11108.211885853963,5.090541891621676,83744.0,69.0,504.0,30.045477190895006,1,0,0,0,0,2.0,5.0,0.2857142857142857,0,0,0,0,1
199938691,Heimstaden Bostad AB (publ),2024-01-01,2024-12-31,2024,Fitch,BBB-,3,Investment Grade High Risk,32560.083776944033,1413.9104633912273,13917.881141460923,18642.20263548311,1.3394425808069725,274058.0,20485.0,160728.0,193.82981249228402,1,1,0,0,0,3.0,6.0,0.3333333333333333,0,0,0,0,1
199938697,Epiroc Aktiebolag,2024-01-01,2024-12-31,2024,S&P,BBB+,3,Investment Grade High Risk,23239.167697704965,5646.391482677397,3768.217121912924,3526.398464089378,0.9358267716535433,6650000.0,30000.0,36000.0,1177.7433464189617,1,1,0,1,0,6.0,7.0,0.46153846153846156,0,0,0,1,1
199938707,Enity Bank Group AB (publ),2024-01-01,2024-12-31,2024,Moody,Baa1,3,Investment Grade High Risk,2983.497687407292,216.54594641766394,229.94153067457998,2753.5561567327118,11.975027515275722,201.3,0.0,10.8,0.9295948658015595,0,0,0,0,0,2.0,4.0,0.3333333333333333,0,0,0,0,1
199938731,Pohjolan Voima,2024-01-01,2024-12-31,2024,JCRA,A+,2,Investment Grade Low Risk,2266.034,871.238,1007.371,1258.663,1.2494532798740485,946.901,136.901,810.0,1.0868453855318523,1,1,1,1,,3.0,6.0,0.3333333333333333,0,0,0,0,1
199938755,Allianz SE,2024-01-01,2024-12-31,2024,Moody,Aa2,1,Investment Grade Low Risk,208067.052577,35187.373,43166.63,93989.267,2.1773593861739964,48787954.8,17723.7,74180.8,1386.5188174178277,1,0,0,0,0,5.0,7.0,0.4166666666666667,0,0,1,1,0
199938770,Vodafone Group Plc,2024-01-01,2024-12-31,2024,Fitch,BBB,3,Investment Grade High Risk,96559.465277,38877.0,53916.0,74605.0,1.3837265375769716,7370000.0,270000.0,2070000.0,189.57224065642924,1,0,0,0,,6.0,8.0,0.42857142857142855,0,0,0,1,1
199938797,Telefonaktiebolaget L M Ericsson,2024-01-01,2024-12-31,2024,S&P,BBB-,3,Investment Grade High Risk,43538.75857579215,22152.28204904452,8114.407888995586,17400.38397765956,2.1443812309777055,18764572.0,17340.0,116454.0,847.0717354742854,1,1,0,0,0,4.0,11.0,0.26666666666666666,0,0,0,1,1
199938853,Hörmann Industries GmbH,2024-01-01,2024-12-31,2024,Scope,BB,4,High Yield,383.842,702.997,138.793,245.049,1.7655717507367086,347265.0,14800.0,9750.0,493.97792593709505,1,1,0,0,0,0.0,2.0,0.0,0,0,0,0,1
199938860,Volkswagen AG,2024-01-01,2024-12-31,2024,Moody,Baa1,3,Investment Grade High Risk,481726.059552,342049.0,196731.0,436173.0,2.2171035576497857,412080000.0,3000000.0,2600000.0,1204.7396718014086,1,1,0,1,1,1.0,8.0,0.1111111111111111,0,0,0,1,1
199938861,Sappi Papier Holding,2024-01-01,2024-12-31,2024,Fitch,BB,4,High Yield,5113.402637404931,5253.633650976978,2481.4707864086936,3492.1551641158803,1.4072924747866562,7848772.0,3202668.0,1067332.0,1493.9701778673555,1,1,0,0,,3.0,7.0,0.3,0,0,0,1,1
199938861,Sappi Papier Holding,2025-01-01,2025-12-31,2025,Fitch,BB,4,High Yield,3922.944680851057,4612.7659574468,1964.2553191489326,3203.404255319143,1.6308492201039861,8399998.0,3174735.0,1226469.0,1821.032776752771,1,1,0,0,,4.0,5.0,0.4444444444444444,0,0,0,1,1
199938867,H & M Hennes & Mauritz AB,2024-01-01,2024-12-31,2024,S&P,BBB,3,Investment Grade High Risk,32952.04743267316,20540.012217471078,4032.725368705839,11694.126887162982,2.8998074051632727,6996655.0,15102.0,364693.0,340.6353864798937,1,1,0,1,1,6.0,5.0,0.5454545454545454,0,0,0,1,1
199939029,Mandatum Life Insurance Company Limited,2024-01-01,2024-12-31,2024,S&P,A,2,Investment Grade Low Risk,18703.381449,377.0,1601.4,16451.3,10.273073560634444,1452.0,20.0,312.0,3.8514588859416445,1,0,0,0,0,2.0,4.0,0.3333333333333333,0,0,0,1,1
199939274,ALM Brand A/S,2024-01-01,2024-12-31,2024,Moody,Baa1,3,Investment Grade High Risk,5849.661503928778,1762.0477888921682,1797.1787926734444,2954.2224248437906,1.6438110870700589,259358.0,599.0,255.0,147.19124057529854,1,0,0,0,0,4.0,5.0,0.4444444444444444,0,0,0,1,1
199939675,H. Lundbeck A/S,2024-01-01,2024-12-31,2024,S&P,BBB-,3,Investment Grade High Risk,9567.034253265047,3040.306792887986,3353.5358953042487,4286.250636917058,1.2781287485005999,156147.0,21853.0,11525.0,51.358961656522844,1,1,0,1,0,4.0,7.0,0.36363636363636365,0,0,0,1,1
199939675,H. Lundbeck A/S,2025-01-01,2025-12-31,2025,S&P,BBB-,3,Investment Grade High Risk,9203.631056782111,3324.719838262658,3334.225923496093,3635.207326380051,1.09027024856443,144624.0,20345.0,9807.0,43.499605090206245,1,1,0,1,0,5.0,6.0,0.45454545454545453,0,0,0,1,1
199939682,Sörmlands Sparbank,2024-01-01,2024-12-31,2024,NCR,A-,2,Investment Grade Low Risk,1914.8174360764551,100.4500392704429,377.18204031765595,1537.6353957587992,4.076640007736928,1073.1,5.2,29.1,10.682922652831218,0,0,0,0,0,4.0,7.0,0.36363636363636365,0,0,1,0,0
199939732,Scandinavian Tobacco Group A/S,2024-01-01,2024-12-31,2024,Moody,Baa3,3,Investment Grade High Risk,2064.50159564483,1257.8508407305117,1235.8872589771795,1057.5504840569615,0.8557014212867528,300600.0,12100.0,18600.0,238.9790508272213,1,1,0,0,,2.0,7.0,0.2222222222222222,0,1,0,1,1
199939868,Storskogen Group AB (publ),2024-01-01,2024-12-31,2024,S&P,BB,4,High Yield,3645.955144427977,3069.377781656354,1815.7779910987078,1952.439130814216,1.075263132599606,1520549.0,36560.0,8241.0,495.39323868417836,1,1,0,0,,1.0,6.0,0.14285714285714285,0,0,0,1,1
199939997,EQT AB,2024-01-01,2024-12-31,2024,S&P,A-,2,Investment Grade Low Risk,34941.648698,2804.5,8096.0,3385.2,0.4181324110671937,3038611.0,33.0,1269.0,1083.4769121055447,1,0,0,0,0,3.0,4.0,0.42857142857142855,0,0,0,1,1
199940003,Ahlstrom-Munksjö Holding 3 Oy,2024-01-01,2024-12-31,2024,S&P,B-,5,High Yield,4171.2,3040.0,563.3,3607.9,6.404935203266466,4138962.0,1092771.0,399132.0,1361.5006578947368,1,1,0,1,0,1.0,7.0,0.125,0,0,0,0,1
199940020,CA Fastigheter Aktiebolag (publ),2024-01-01,2024-12-31,2024,NCR,BBB-,3,Investment Grade High Risk,1636.9993891264583,113.90828169997434,808.9051400645817,828.0941617942266,1.0237222151019003,1816.482,8.997,1441.892,15.94688264005662,1,1,0,0,0,3.0,3.0,0.5,0,0,0,0,1
199940056,Multitude AG,2024-01-01,2024-12-31,2024,Fitch,B+,5,High Yield,1098.731,263.974,193.753,904.978,4.670781871764566,106556.1,,168.6,403.66134543553534,0,0,0,0,0,3.0,2.0,0.6,0,0,1,0,1
199940244,S-Bank Plc,2024-01-01,2024-12-31,2024,S&P,A-,2,Investment Grade Low Risk,13249.625,701.272,977.618,12272.007,12.552967519010492,817510.01,0.0,244.0,1165.7531029329562,1,0,0,0,0,3.0,5.0,0.375,0,0,1,0,1
199940347,Stenhus Fastigheter i Norden AB (publ),2024-01-01,2024-12-31,2024,NCR,BB,4,High Yield,1083.6503905227382,93.26197748494675,516.8263373767368,711.8393402565702,1.3773279122532025,5274.85,134.76,9.63,56.55949125517314,0,1,0,0,,1.0,5.0,0.16666666666666666,0,0,0,1,1
199940357,International Petroleum Corporation,2024-01-01,2024-12-31,2024,Moody,B1,5,High Yield,2287.6304321878833,786.0631437096904,904.2930022138771,976.2364038887252,1.0795576229150479,986427.0,784812.0,179676.0,1254.8953705483846,1,1,1,1,1,2.0,6.0,0.25,0,0,0,1,1
200000986,Vasakronan AB (publ),2024-01-01,2024-12-31,2024,Moody,A3,2,Investment Grade Low Risk,17358.93184396552,840.474736015363,7217.121912906918,10141.809931058602,1.4052429837607767,33379.0,506.0,13548.0,39.71445966150952,1,1,0,1,0,5.0,3.0,0.625,0,0,0,0,1
200213858,Kommuninvest i Sverige AB,2024-01-01,2024-12-31,2024,S&P,AAA,1,Investment Grade Low Risk,53522.55868749479,2073.8895191552583,1039.9424033510825,52482.6162841437,50.46684904377889,18.0,,18.0,0.008679343732510787,1,0,0,0,0,4.0,5.0,0.4444444444444444,0,0,0,0,0
200216458,DSB,2024-01-01,2024-12-31,2024,Moody,Aa1,1,Investment Grade Low Risk,2693.0193890959827,1623.4010029767508,839.9259835340189,1853.0934055619637,2.206257982120051,381040.0,116680.0,18830.0,234.71711505740458,1,1,0,0,0,5.0,4.0,0.5555555555555556,0,0,0,0,1
200216458,DSB,2025-01-01,2025-12-31,2025,Moody,Aa1,1,Investment Grade Low Risk,2636.3989342473424,1640.4022011273391,898.9275529194381,1737.471381327904,1.9328269288054811,394450.0,114040.0,17190.0,240.45932133529251,1,1,0,1,0,4.0,5.0,0.4444444444444444,0,0,0,0,1
200319745,Industrivärden AB (publ),2024-01-01,2024-12-31,2024,S&P,A+,2,Investment Grade Low Risk,13879.21970529721,754.6033685312889,13891.089972947091,721.3543939261748,0.051929286710475066,40.0,13.0,,0.0530079796461198,1,1,0,0,0,3.0,6.0,0.3333333333333333,0,0,0,1,1
200348788,KfW Bankengruppe,2024-01-01,2024-12-31,2024,Scope,AAA,1,Investment Grade Low Risk,545366.0,21874.0,39573.0,505793.0,12.781265003916811,144592421.0,3917.0,11627.0,6610.241428179574,1,0,0,0,0,3.0,3.0,0.5,0,0,0,0,1
200431820,Landwirtschaftliche Rentenbank,2024-01-01,2024-12-31,2024,Scope,AAA,1,Investment Grade Low Risk,94958.0,3866.4,1406.6,93551.4,66.5088866770937,833.6,540.1,0.0,0.21560107593627148,0,0,0,0,0,4.0,11.0,0.26666666666666666,0,0,0,0,0
252230673,Islandsbanki hf (Íslandsbanki),2024-01-01,2024-12-31,2024,S&P,BBB+,3,Investment Grade High Risk,11259.68033356497,1129.7289784572615,1579.951355107713,9593.134120917299,6.071790811726155,1003.9,4.1,49.5,0.8886202081590476,1,0,0,0,0,3.0,4.0,0.42857142857142855,0,0,1,1,1
252230673,Islandsbanki hf (Íslandsbanki),2025-01-01,2025-12-31,2025,S&P,BBB+,3,Investment Grade High Risk,12093.46085988451,1048.0027173913043,1530.9714673913043,10209.157608695652,6.668417946476511,1093.0,2.0,46.0,1.0429362270364178,1,0,0,0,0,3.0,4.0,0.42857142857142855,0,0,1,1,1
252536604,Commerzbank AG,2024-01-01,2024-12-31,2024,S&P,A,2,Investment Grade Low Risk,537564.843512,25718.0,35716.0,518930.0,14.529342591555606,74740162.0,351909.0,76019.0,2906.142079477409,1,0,0,1,0,12.0,14.0,0.46153846153846156,0,0,1,1,1
260000039,Tele2 AB,2024-01-01,2024-12-31,2024,S&P,BBB,3,Investment Grade High Risk,10296.459545684662,2618.640370014847,1928.3532594467317,3695.4359019111785,1.9163687378377157,255785.0,1394.0,50712.0,97.67855217115962,1,0,0,0,,4.0,4.0,0.5,0,0,0,1,1
260000334,Borgo AB (publ),2024-01-01,2024-12-31,2024,Moody,Baa2,3,Investment Grade High Risk,3833.1093463653197,143.66000523605965,228.11763679204222,3604.9917095732776,15.803213465952563,9981.0,0.0,2.0,69.47653930263606,1,0,0,0,1,2.0,8.0,0.2,0,0,0,0,0
260002713,Novo Nordisk A/S,2024-01-01,2024-12-31,2024,S&P,AA,1,Investment Grade Low Risk,415856.901499102,39770.57577301621,19239.722170076984,43195.58046608924,2.2451249599264043,2261000.0,85000.0,174000.0,56.851075350386495,1,1,0,0,,6.0,6.0,0.5,0,0,0,1,1
260002713,Novo Nordisk A/S,2025-01-01,2025-12-31,2025,S&P,AA,1,Investment Grade Low Risk,240996.66617574176,42673.486055510126,25980.6664970745,46707.681184645604,1.7977861033667102,2690000.0,120000.0,198000.0,63.03679986445962,1,1,0,0,,6.0,4.0,0.6,0,0,0,1,1
260002879,Coloplast A/S,2024-01-01,2024-12-31,2024,S&P,BBB+,3,Investment Grade High Risk,27723.818284212528,3657.915202874846,2405.8033200139475,4040.1995226474332,1.6793557017054954,206599.0,17514.0,31427.0,56.47998615102634,1,1,0,0,,3.0,6.0,0.3333333333333333,0,0,0,1,1
260002891,Vår Energi ASA,2024-01-01,2024-12-31,2024,S&P,BBB,3,Investment Grade High Risk,27780.64146501098,7171.100202136852,801.3360284916713,20248.008470497574,25.267812441442,35322610.0,320859.0,11242.0,4925.6890859612495,1,1,1,1,0,6.0,6.0,0.5,0,0,0,1,1
260002917,VR-Group Plc,2024-01-01,2024-12-31,2024,S&P,A+,2,Investment Grade Low Risk,2310.998,1398.885,1262.972,1048.026,0.8298093702789928,280621.0,48981.0,29856.0,200.60333765820636,1,1,0,0,,3.0,4.0,0.42857142857142855,0,0,0,0,1
260003028,Preem Holding AB (publ),2024-01-01,2024-12-31,2024,Moody,Ba3,4,High Yield,4208.8314861680965,12503.098001570874,2415.0449428397,1793.7865433283962,0.7427549324275493,52518750.0,1942000.0,51000.0,4200.458957724047,1,1,1,1,0,1.0,7.0,0.125,0,0,0,0,1
260003089,Vonovia SE,2024-01-01,2024-12-31,2024,Fitch,BBB+,3,Investment Grade High Risk,86233.896,7957.3,28126.9,62109.4,2.2081850470545987,1908256.0,548394.0,341016.0,239.8119965314868,1,1,0,0,0,5.0,5.0,0.5,0,0,0,1,1
260003099,TDC NET A/S,2024-01-01,2024-12-31,2024,Fitch,BB,4,High Yield,4626.967738475158,907.9084984848088,305.4520099761327,4321.5157284990255,14.147936786654961,92689.0,7369.0,13544.0,102.09068441884497,1,0,0,1,0,5.0,4.0,0.5555555555555556,0,0,0,0,1
260003318,ABB Ltd,2024-01-01,2024-12-31,2024,S&P,A,2,Investment Grade Low Risk,120605.44807007372,31818.269323322642,14429.685244008038,24349.79305034163,1.6874791541591623,392437000.0,119000.0,286000.0,12333.70036604554,1,1,0,1,0,3.0,7.0,0.3,0,0,0,1,1
260003318,ABB Ltd,2025-01-01,2025-12-31,2025,S&P,A,2,Investment Grade Low Risk,139591.782989787,28715.744680851014,14166.808510638273,24033.19148936166,1.696443590051664,425444000.0,119000.0,255000.0,14815.70492872176,1,1,0,1,0,4.0,6.0,0.4,0,0,0,1,1
260003481,AstraZeneca PLC,2024-01-01,2024-12-31,2024,S&P,A+,2,Investment Grade Low Risk,254822.41897198878,52731.73548945983,39340.6487631147,60798.92193666358,1.5454478725746863,5855807.0,125386.0,217026.0,111.0490095887414,1,1,0,0,0,7.0,8.0,0.4666666666666667,0,0,0,1,1
260003481,AstraZeneca PLC,2025-01-01,2025-12-31,2025,S&P,A+,2,Investment Grade Low Risk,287267.5244153186,50621.27659574459,41462.97872340418,55621.27659574458,1.3414684209446006,6271593.0,62587.0,241023.0,123.89243064895786,1,1,0,0,0,7.0,7.0,0.5,0,0,0,1,1
260003631,Luminor Bank AS,2024-01-01,2024-12-31,2024,Moody,A2,2,Investment Grade Low Risk,15723.7,923.9,1686.4,14037.3,8.323825901328272,3038494.0,31.0,2519.0,3288.7693473319623,1,0,0,0,0,4.0,5.0,0.4444444444444444,0,0,1,0,1
260003730,KRUK S.A.,2024-01-01,2024-12-31,2024,S&P,BB-,4,High Yield,3550.6712407017544,519.2388304093568,1059.334970760234,1665.5490058479531,1.5722590604675954,47136.0,2357.0,1305.0,90.77903507878828,1,0,0,0,0,4.0,3.0,0.5714285714285714,0,0,1,1,1
260003789,SGL Group ApS,2024-01-01,2024-12-31,2024,S&P,B,5,High Yield,2305.0,2394.0,832.0,1473.0,1.7704326923076923,1829678.0,7444.0,3124.0,764.2765246449457,1,1,0,0,0,0.0,6.0,0.0,0,0,0,0,1
260003789,SGL Group ApS,2025-01-01,2025-12-31,2025,S&P,B,5,High Yield,2327.0,2552.0,669.0,1658.0,2.478325859491779,2025989.0,7969.0,3070.0,793.8828369905956,1,1,0,0,0,0.0,6.0,0.0,0,0,0,0,1
260003987,RWE AG,2024-01-01,2024-12-31,2024,Moody,Baa2,3,Investment Grade High Risk,86117.0,32487.0,33623.0,64817.0,1.9277577848496565,75401994.0,53242042.0,392956.0,2320.9897497460524,1,1,1,1,0,6.0,14.0,0.3,0,1,0,1,1
260003994,National Grid PLC,2024-01-01,2024-12-31,2024,Fitch,BBB,3,Investment Grade High Risk,139225.94397597603,22706.770544393217,45618.56291758115,83113.43737186122,1.8219214297044362,35767000.0,4467000.0,2955000.0,1575.1689536860022,1,1,0,0,,4.0,7.0,0.36363636363636365,0,0,0,1,1
260004245,Securitas Treasury Ireland Designated Activity Company,2024-01-01,2024-12-31,2024,S&P,BBB,3,Investment Grade High Risk,13589.107023213257,14177.851470459964,3724.5832969718294,7060.651016668153,1.895688847235239,1647515.0,119062.0,,116.20343205263883,1,0,0,0,0,4.0,7.0,0.36363636363636365,0,0,0,1,1
260004735,Euroclear: TRATON FINANCE LUXEMBOURG S.A.,2024-01-01,2024-12-31,2024,Moody,Baa2,3,Investment Grade High Risk,62045.203762,49538.0,17844.0,47704.0,2.673391616229545,354997599.0,248370.0,354674.0,7166.1673664661475,0,1,0,1,0,7.0,13.0,0.35,0,0,0,1,1
260004739,Ferrovial SE,2024-01-01,2024-12-31,2024,Fitch,BBB,3,Investment Grade High Risk,50184.346011,9148.0,8120.0,20879.0,2.571305418719212,2219535.0,307233.0,68654.0,242.62516397026673,1,1,1,1,0,4.0,8.0,0.3333333333333333,0,0,0,1,1
260004739,Ferrovial SE,2025-01-01,2025-12-31,2025,Fitch,BBB,3,Investment Grade High Risk,60361.022286,9627.0,7665.0,19755.0,2.5772994129158513,2200156.0,283004.0,66789.0,228.5401475018178,1,1,1,1,1,3.0,8.0,0.2727272727272727,0,0,0,1,1
260004949,Aktieselskabet Schouw & Co.,2024-01-01,2024-12-31,2024,Scope,BBB,3,Investment Grade High Risk,3792.003003566739,4677.6529271366935,1640.2960658639292,2130.6551529941826,1.2989454753535519,10159213.0,92830.0,133610.0,2171.8612214820105,1,1,0,1,0,1.0,5.0,0.16666666666666666,0,0,0,1,1
260005036,VISA Inc.,2024-01-01,2024-12-31,2024,S&P,AA-,1,Investment Grade Low Risk,619999.0903840581,31693.13697179699,37671.57570507255,53300.60641062645,1.4148759485908475,626697.0,13510.0,73448.0,19.773902487396043,1,0,0,0,,4.0,7.0,0.36363636363636365,0,0,0,1,1
260005042,SAP SE,2024-01-01,2024-12-31,2024,Moody,A1,2,Investment Grade Low Risk,318731.0,35605.0,45806.0,28431.0,0.6206828799720561,6868000.0,109000.0,120000.0,192.89425642465946,1,0,0,1,0,7.0,12.0,0.3684210526315789,0,0,0,1,1
260005042,SAP SE,2025-01-01,2025-12-31,2025,Moody,A1,2,Investment Grade Low Risk,281288.0,38711.0,45073.0,25288.0,0.5610454152153174,6357000.0,92000.0,90000.0,164.21688925628374,1,0,0,1,1,6.0,13.0,0.3157894736842105,0,0,0,1,1
260005043,Kering SA,2024-01-01,2024-12-31,2024,S&P,BBB+,3,Investment Grade High Risk,57021.000359,17194.0,15730.0,27616.0,1.7556261919898284,2159908.0,31052.0,131097.0,125.61986739560312,1,1,0,1,1,7.0,6.0,0.5384615384615384,0,0,0,1,1
260005045,ADOBE INC.,2024-01-01,2024-12-31,2024,S&P,A+,2,Investment Grade Low Risk,195930.42737510765,20699.778611993388,13576.860140533212,15521.2243719318,1.1432116270825947,523411.0,7218.0,63296.0,25.285825989304893,0,0,0,0,,4.0,7.0,0.36363636363636365,0,0,0,1,1
260005063,Elevance Health Inc,2024-01-01,2024-12-31,2024,Fitch,BBB+,3,Investment Grade High Risk,153412.512740398,168643.75782077143,39874.86764847422,72637.40494754043,1.8216337565779945,6509255.0,14390.0,84429.0,38.59766340665751,1,0,0,0,,5.0,6.0,0.45454545454545453,0,0,0,1,1
260005070,Keysight Technologies Inc,2024-01-01,2024-12-31,2024,Fitch,BBB+,3,Investment Grade High Risk,30783.27172971402,4870.536143998444,4913.851188757323,4008.0854750216445,0.8156709108716945,2635830.0,13298.0,82172.0,541.1786140316224,1,0,0,0,,3.0,8.0,0.2727272727272727,0,0,0,1,1
260005071,Microsoft Corporation,2024-01-01,2024-12-31,2024,S&P,AAA,1,Investment Grade Low Risk,3250275.9437866868,235943.7866974677,258424.29492732615,234561.55549138435,0.9076606189729474,15542600.0,143510.0,9955368.0,65.87416527280315,1,0,0,0,0,5.0,7.0,0.4166666666666667,0,0,0,1,1
260005579,Assemblin Caverion Group AB,2024-01-01,2024-12-31,2024,Fitch,B,5,High Yield,3919.53922680864,3667.0954708089876,875.7308665677673,3043.8083602408724,3.475734927752865,3710450.0,31491.0,4104.0,1011.8225798963036,1,1,0,0,0,0.0,5.0,0.0,0,0,0,0,1
260005605,Swisscom Finance B.V.,2024-01-01,2024-12-31,2024,S&P,A-,2,Investment Grade Low Risk,55349.55376115588,11893.32766680831,12913.302167445792,27582.87292817675,2.1360046075366133,901602.0,20652.0,139246.0,75.80737916741123,1,0,0,0,0,3.0,6.0,0.3333333333333333,0,0,0,1,1
260005605,Swisscom Finance B.V.,2025-01-01,2025-12-31,2025,S&P,A-,2,Investment Grade Low Risk,64858.29289241977,16197.122611122979,13139.360103070596,25536.82628301472,1.9435365255760748,818730.0,16688.0,127470.0,50.54786702903373,1,0,0,0,0,4.0,6.0,0.4,0,0,0,1,1
260005636,Sveafastigheter AB (publ),2024-01-01,2024-12-31,2024,Fitch,BBB-,3,Investment Grade High Risk,1869.4475957762543,124.70547168164818,1295.4009948512146,1242.516799022608,0.9591754244139046,27092.0,548.0,4935.0,217.24788523442868,0,1,0,0,,2.0,4.0,0.3333333333333333,0,0,0,1,1
260005660,Multitude Capital Oyj,2024-01-01,2024-12-31,2024,Fitch,B+,5,High Yield,1098.731,263.974,193.753,904.978,4.670781871764566,106556.1,,168.6,403.66134543553534,0,0,0,0,0,3.0,2.0,0.6,0,0,1,0,1
260005685,Novonesis A/S,2024-01-01,2024-12-31,2024,S&P,A-,2,Investment Grade Low Risk,29620.361347,3888.6,11176.0,4019.6,0.359663564781675,1378358.0,93549.0,351812.0,354.46124569253715,1,1,0,1,0,4.0,7.0,0.36363636363636365,0,0,0,1,1
260005685,Novonesis A/S,2025-01-01,2025-12-31,2025,S&P,A-,2,Investment Grade Low Risk,31063.006072,4209.7,10855.2,5493.9,0.5061076718991819,1347668.0,106896.0,334747.0,320.1339762928475,1,1,0,1,0,4.0,8.0,0.3333333333333333,0,0,0,1,1
260005881,The Walt Disney Company,2024-01-01,2024-12-31,2024,S&P,A,2,Investment Grade Low Risk,285146.4154394061,87940.12898257744,101570.8922899217,87300.99143324643,0.8595079699020111,1493816.0,921163.0,745985.0,16.986738787885475,1,0,0,0,,4.0,7.0,0.36363636363636365,0,0,0,1,1
260005893,UnitedHealth Group Incorporated,2024-01-01,2024-12-31,2024,AMBest,a-,2,Investment Grade Low Risk,633750.4868331868,385290.21079988324,94588.50707479034,188359.80363846314,1.9913603614604958,18349044.0,105782.0,352988.0,47.62395587966379,1,0,0,0,0,3.0,7.0,0.3,0,0,0,1,1
260005897,Thermo Fisher Scientific Inc,2024-01-01,2024-12-31,2024,Fitch,A-,2,Investment Grade Low Risk,234895.1628761182,42311.09827702364,47695.63961882745,45981.326402926024,0.9640572339609695,8958670.0,315843.0,451682.0,211.73333628318653,1,0,0,0,0,5.0,7.0,0.4166666666666667,0,0,0,1,1
260005954,McCormick & Company Inc,2024-01-01,2024-12-31,2024,S&P,BBB,3,Investment Grade High Risk,26811.38112811619,6471.941476561727,5117.720666089116,7463.182211954928,1.458301986157087,4134076.0,38855.0,94185.0,638.7690641164855,1,1,0,0,,5.0,7.0,0.4166666666666667,0,0,0,1,1
260005970,Oracle Corporation,2024-01-01,2024-12-31,2024,Fitch,BBB,3,Investment Grade High Risk,590761.9048994109,50977.957455000316,20183.848301087623,141873.13504668354,7.029042872812248,801600.0,15200.0,,15.724443269575776,1,0,0,0,0,4.0,9.0,0.3076923076923077,0,0,0,1,1
811413682,Elopak ASA,2024-01-01,2024-12-31,2024,NCR,BBB-,3,Investment Grade High Risk,1733.569461,1174.882,352.652,702.759,1.9927832537459025,758030.0,4379.0,23312.0,645.1967091163198,1,1,0,0,0,3.0,4.0,0.42857142857142855,0,0,0,1,1
816793432,Tolga-Os Sparebank,2024-01-01,2024-12-31,2024,NCR,BBB+,3,Investment Grade High Risk,545.1203052140738,34.66197541331073,67.16990250105978,477.950402713014,7.1155440891919275,38.763,3.765,14.384,1.1183147970589817,0,0,0,0,0,2.0,3.0,0.4,0,0,1,0,0
819731322,NorgesGruppen ASA,2024-01-01,2024-12-31,2024,NCR,A-,2,Investment Grade Low Risk,6625.349554896143,10074.412886816448,2744.412293344638,3880.937261551505,1.414123260912002,4195062.0,10958.0,34635.0,416.407590906834,1,1,0,0,0,5.0,5.0,0.5,0,0,0,0,1
832554332,Sparebanken Norge,2024-01-01,2024-12-31,2024,Moody,Aa3,1,Investment Grade Low Risk,27762.05952149216,1728.868164476473,2226.451886392539,26443.91691394659,11.877156239290203,1270851.4,13.6,52.8,735.0771019517457,1,0,0,0,0,6.0,4.0,0.6,0,0,1,1,1
837884942,SpareBank 1 Østfold Akershus,2024-01-01,2024-12-31,2024,NCR,A,2,Investment Grade Low Risk,2466.4394234845277,175.498092412039,427.0453582026283,2067.316659601526,4.8409767718880286,26722.6,0.0,30.4,152.26718212560385,0,0,0,0,0,4.0,4.0,0.5,0,0,1,1,1
837889812,Skue Sparebank,2024-01-01,2024-12-31,2024,NCR,A-,2,Investment Grade Low Risk,1743.396595930479,107.97905892327258,263.80305214073763,1689.1381093683765,6.403027166142223,18914.0,27.91,17.44,175.1635936505045,1,0,0,0,0,3.0,5.0,0.375,0,0,1,1,0
837895502,Haugesund Sparebank,2024-01-01,2024-12-31,2024,NCR,A-,2,Investment Grade Low Risk,1214.7033488766426,81.08935989826197,176.94523103009752,1184.9449766850362,6.696676535370896,18059.771,8.241,10.341,222.71443531751302,0,0,0,0,0,4.0,3.0,0.5714285714285714,0,0,1,1,0
879904412,Østfold Energi AS,2024-01-01,2024-12-31,2024,Scope,BBB+,3,Investment Grade High Risk,385.02128020347607,93.54073760067826,237.09809241203902,147.92327257312422,0.623890606070575,15456.0,3708.0,230.0,165.23282151121214,1,1,0,0,0,4.0,3.0,0.5714285714285714,0,0,0,0,1
880309102,Eviny AS,2024-01-01,2024-12-31,2024,Scope,A-,2,Investment Grade Low Risk,3692.666384061043,941.839762611276,1219.92369648156,2472.742687579483,2.026965042740983,227299.0,4199.0,8989.0,241.33510712035286,1,1,1,1,1,3.0,5.0,0.375,0,0,0,0,1
885621252,Eika Boligkreditt AS,2024-01-01,2024-12-31,2024,Moody,A3,2,Investment Grade Low Risk,10730.463925392116,571.8088172954642,559.7736328952947,10170.690377278508,18.169291620030503,12120.5,4.7,1.1,21.196770027659635,1,0,0,0,0,3.0,3.0,0.5,0,0,0,0,0
886581432,Aker ASA,2024-01-01,2024-12-31,2024,Scope,BBB-,3,Investment Grade High Risk,7200.56975828741,1629.334463755829,5444.679949130988,3742.6027977956765,0.6873871068203052,16264225.0,440465.0,16304.0,9982.127894421896,0,1,1,1,0,4.0,5.0,0.4444444444444444,0,0,0,1,1
910747711,Orkla ASA,2024-01-01,2024-12-31,2024,Scope,A-,2,Investment Grade Low Risk,11601.5260703688,6046.290801186944,4355.404832556168,3272.064434082238,0.7512652806976563,6582568.0,108116.0,46925.0,1088.695237534354,1,1,0,1,0,4.0,6.0,0.4,0,0,0,1,1
911382008,Elkem ASA,2024-01-01,2024-12-31,2024,Scope,BBB-,3,Investment Grade High Risk,3265.930415854176,1609.410767274269,2206.019499788046,2323.95082662145,1.0534588777863183,11530000.0,2030000.0,1160000.0,7164.112627087394,1,1,0,1,1,4.0,7.0,0.36363636363636365,0,0,0,1,1
911608103,Felleskjøpet Agri SA,2024-01-01,2024-12-31,2024,Scope,BBB-,3,Investment Grade High Risk,1083.1663416701992,1810.2016956337432,342.68300127172535,740.483340398474,2.160840595099489,1918370.0,40264.0,3109.0,1059.7548354015807,1,1,0,1,0,7.0,5.0,0.5833333333333334,0,0,0,0,1
911986884,OBOS-banken AS,2024-01-01,2024-12-31,2024,Moody,A3,2,Investment Grade Low Risk,6215.769393810937,346.7571004662993,401.6956337431115,5814.073760067826,14.473828619670748,10848.0,0.0,25.0,31.284146699266504,0,0,0,0,0,3.0,3.0,0.5,0,0,0,0,1
914594685,Olav Thon Eiendomsselskap ASA,2024-01-01,2024-12-31,2024,Moody,Baa2,3,Investment Grade High Risk,4582.25622009326,441.7973717676982,2716.829164900382,2629.2496820686733,0.9677640817600249,23925.0,51.0,3362.0,54.15378526194588,1,1,0,0,0,3.0,3.0,0.5,0,0,0,1,1
914778271,Norsk Hydro ASA,2024-01-01,2024-12-31,2024,Moody,Baa2,3,Investment Grade High Risk,19123.599874099196,17400.339126748622,9109.96184824078,8471.301398897838,0.9298942783754607,21770000.0,5650000.0,3320000.0,1251.1250408064823,1,1,0,1,0,4.0,7.0,0.36363636363636365,0,0,0,1,1
914778271,Norsk Hydro ASA,2025-01-01,2025-12-31,2025,Moody,Baa2,3,Investment Grade High Risk,21521.97630718567,17629.90796250949,9042.97897492189,8545.132145571219,0.9449465899753491,21490000.0,5440000.0,3310000.0,1218.9513436881864,1,1,0,1,0,5.0,6.0,0.45454545454545453,0,0,0,1,1
914864445,BN Bank ASA,2024-01-01,2024-12-31,2024,Scope,A-,2,Investment Grade Low Risk,4452.564646036456,285.54472233997456,602.797795676134,3849.766850360322,6.386497890295359,8413.47,0.0,7.89,29.464631428147268,1,0,0,0,0,5.0,6.0,0.45454545454545453,0,0,0,0,0
915174388,SR-Boligkreditt AS,2024-01-01,2024-12-31,2024,Moody,A1,2,Investment Grade Low Risk,40841.69890267063,2229.334463755829,4462.65366680797,36176.26112759644,8.106446036058285,1276278.0,37.0,193.0,572.4928317170564,1,0,0,0,0,5.0,5.0,0.5,0,0,1,1,1
915636756,Haugaland Kraft AS,2024-01-01,2024-12-31,2024,Scope,A-,2,Investment Grade Low Risk,1622.2428147520136,329.79186095803306,948.7422636710471,673.5005510809665,0.7098877923651624,4270.0,1517.0,2445.0,12.94756028119011,1,1,0,0,,4.0,5.0,0.4444444444444444,0,0,0,0,1
915691161,Rogaland Sparebank,2024-01-01,2024-12-31,2024,Scope,A-,2,Investment Grade Low Risk,3270.6610060195,207.66324713861806,362.7300551080967,3003.2895294616364,8.27968205878785,64702.4,0.0,12.5,311.5736698309945,1,0,0,0,0,4.0,4.0,0.5,0,0,1,1,1
916300484,Storebrand ASA,2024-01-01,2024-12-31,2024,S&P,BBB+,3,Investment Grade High Risk,86391.88545459941,1748.3679525222553,2722.594319626961,81788.7240356083,30.040731168062774,2584600.0,8.0,152.0,1478.2929395790902,1,0,0,0,0,5.0,5.0,0.5,0,0,1,1,1
916435711,Sunnhordland Kraftlag AS,2024-01-01,2024-12-31,2024,Scope,BBB+,3,Investment Grade High Risk,649.2746078846969,165.83747350572278,300.5528613819415,348.7217465027554,1.1602675978506192,2905.0,155.0,1083.0,17.517150608904767,1,1,0,1,0,3.0,5.0,0.375,0,0,0,0,1
917206813,Helgeland Kraft AS,2024-01-01,2024-12-31,2024,Scope,BBB,3,Investment Grade High Risk,517.536244171259,190.8950402713014,242.7927935565918,274.74345061466727,1.1315963978586052,993.0,350.0,248.0,5.201811417356581,1,1,0,1,0,3.0,4.0,0.42857142857142855,0,0,0,0,1
917445060,Norske Tog AS,2024-01-01,2024-12-31,2024,S&P,AA-,1,Investment Grade Low Risk,1233.6880881729546,134.39270877490463,317.39381093683767,916.2941924544299,2.8869315055320195,37228.0,24449.0,6688.0,277.0090754131123,1,0,0,0,0,3.0,3.0,0.5,0,0,0,0,0
918012745,Ferde AS,2024-01-01,2024-12-31,2024,Scope,AA+,1,Investment Grade Low Risk,2489.843569987283,416.4124316235693,4.620432132259432,2485.2231378550237,537.8767757464555,50.246,0.0,18.668,0.12066402485654329,1,1,0,0,0,4.0,4.0,0.5,0,0,0,0,0
920171540,Veas Selvkost AS,2024-01-01,2024-12-31,2024,NCR,AAA,1,Investment Grade Low Risk,170.9650627384485,44.614363798219586,67.50782009325985,103.45724264518864,1.532522343370973,26308.0,6099.0,830.0,589.6755609692201,0,1,0,0,,4.0,5.0,0.4444444444444444,0,0,0,0,1
920237126,Atea ASA,2024-01-01,2024-12-31,2024,NCR,BBB+,3,Investment Grade High Risk,2761.942412039,2934.1246290801187,374.98940228910556,1414.6672318779144,3.7725525661315853,997993.0,3317.0,2069.0,340.13313207928803,1,1,0,0,0,4.0,5.0,0.4444444444444444,0,0,0,1,1
920426530,SpareBank 1 Østlandet,2024-01-01,2024-12-31,2024,Moody,Aa3,1,Investment Grade Low Risk,17445.853773632894,1094.7859262399322,2222.3823654090716,15629.843153878763,7.032922595658643,2018461.3,13.7,252.5,1843.7040992410748,1,0,0,0,0,4.0,5.0,0.4444444444444444,0,0,1,1,1
920596509,Hafslund AS,2024-01-01,2024-12-31,2024,Scope,A,2,Investment Grade Low Risk,8123.018228062739,1248.3255616786776,4063.586265366681,4059.431962696058,0.998977675777175,330244.0,232600.0,9500.0,264.54957756044547,1,1,1,1,0,3.0,5.0,0.375,0,0,0,0,1
921563108,Public Property Invest ASA,2024-01-01,2024-12-31,2024,Fitch,BBB+,3,Investment Grade High Risk,1011.5303094531581,58.58414582450191,484.4425604069521,527.1725307333617,1.088204410220511,418.1,0.1,418.0,7.136743125904486,1,1,0,0,0,2.0,3.0,0.4,0,0,0,0,1
922828172,Tensio AS,2024-01-01,2024-12-31,2024,Scope,A-,2,Investment Grade Low Risk,1093.484442560407,234.28122085629505,473.55387876218737,619.9305637982196,1.3091024941420462,31657.1,1217.4,6913.5,135.1243598795229,0,1,0,1,1,2.0,5.0,0.2857142857142857,0,0,0,0,1
923248579,Jotun A/S,2024-01-01,2024-12-31,2024,NCR,A-,2,Investment Grade Low Risk,2959.220008478169,3026.536668079695,1836.3713437897416,1122.7638830012718,0.6114035087719298,4351061.0,32593.0,50880.0,1437.6369683175526,1,1,0,0,0,5.0,5.0,0.5,0,0,0,0,1
923609016,Equinor ASA,2024-01-01,2024-12-31,2024,S&P,AA-,1,Investment Grade Low Risk,146809.75051304215,101719.12599865209,40793.14659736246,85437.48195206441,2.0944077394997644,286535986.0,8331465.0,76333.0,2816.933228504116,1,1,1,1,1,4.0,7.0,0.36363636363636365,0,0,0,1,1
927124238,Tomra Systems ASA,2024-01-01,2024-12-31,2024,Scope,A-,2,Investment Grade Low Risk,4701.059965,1349.9,636.4,1024.7,1.6101508485229417,2374850.0,24806.0,6670.0,1759.2784650714866,1,1,0,0,0,3.0,5.0,0.375,0,0,0,1,1
929975200,Austevoll Seafood ASA,2024-01-01,2024-12-31,2024,NCR,BBB-,3,Investment Grade High Risk,3854.2398623993217,3094.531581178466,2515.218312844426,2173.37855023315,0.8640914147032056,3131072.0,265331.0,18429.0,1011.8080613698629,1,1,0,1,1,4.0,4.0,0.5,0,0,0,1,1
930869147,OBOS Eiendom AS,2024-01-01,2024-12-31,2024,NCR,BBB-,3,Investment Grade High Risk,1692.8874099194575,76.83679525222553,816.3196269605766,876.5677829588809,1.073804615261583,3156.0,,,41.07407121340851,0,1,0,0,0,1.0,2.0,0.3333333333333333,0,0,0,0,1
933739384,Vend Marketplaces ASA,2024-01-01,2024-12-31,2024,Scope,BBB+,3,Investment Grade High Risk,7323.384765154727,1251.4624841034338,2755.74395930479,643.7473505722764,0.23360201821314303,40589.0,7587.0,544.0,32.43325350586003,0,0,0,1,0,5.0,5.0,0.5,0,0,0,1,1
934763149,DNV Group AS,2024-01-01,2024-12-31,2024,Scope,A,2,Investment Grade Low Risk,3988.3086053412467,3008.58838490886,2510.775752437474,1477.5413310724884,0.5884800064832886,89600.0,5500.0,8100.0,29.781408599938565,1,0,0,1,0,4.0,7.0,0.36363636363636365,0,0,0,0,1
937052766,OBOS BBL,2024-01-01,2024-12-31,2024,NCR,BBB-,3,Investment Grade High Risk,11801.017380245867,1653.1581178465453,3250.3603221704116,8550.657058075456,2.6306797433355937,407197.3,496.3,979.0,246.31479324580744,1,1,0,1,0,4.0,5.0,0.4444444444444444,0,0,0,0,1
937885199,Askim & Spydeberg Sparebank,2024-01-01,2024-12-31,2024,NCR,A-,2,Investment Grade Low Risk,1115.2319626960577,70.99279355659178,153.4326409495549,961.7993217465028,6.268544397034267,46.41,0.0,14.002,0.653728324734881,0,0,0,0,0,4.0,3.0,0.5714285714285714,0,0,1,0,0
937885644,Aurskog Sparebank,2024-01-01,2024-12-31,2024,NCR,A-,2,Investment Grade Low Risk,1521.2508041543028,98.41788893598984,198.16752861381943,1429.151504874947,7.211834930131351,16783.969,1.563,8.534,170.53778719960303,1,0,0,0,0,2.0,4.0,0.3333333333333333,0,0,1,1,1
937885911,Romerike Sparebank,2024-01-01,2024-12-31,2024,NCR,A-,2,Investment Grade Low Risk,1365.152973463332,101.7208139041967,192.88071216617212,1334.229334463756,6.917380797071509,50213.6,0.0,8.2,493.64135099520996,0,0,0,0,0,3.0,4.0,0.42857142857142855,0,0,1,1,1
937887043,Odal Sparebank,2024-01-01,2024-12-31,2024,NCR,BBB+,3,Investment Grade High Risk,718.6342518016108,49.84917337855023,104.5192878338279,614.114963967783,5.875613742643807,19829.42,4.94,5.14,397.7883414318053,0,0,0,0,0,4.0,4.0,0.5,0,0,1,0,1
937888015,SpareBank 1 Lom og Skjåk,2024-01-01,2024-12-31,2024,NCR,BBB+,3,Investment Grade High Risk,851.2516320474778,52.259347181008906,127.0181432810513,724.2334887664265,5.701811332290735,75.5,4.9,12.7,1.4447176260831052,0,0,0,0,0,3.0,3.0,0.5,0,0,1,0,0
937888104,SpareBank 1 Gudbrandsdal,2024-01-01,2024-12-31,2024,NCR,A-,2,Investment Grade Low Risk,1189.6419669351421,68.32132259431962,155.07562526494277,1034.5663416701993,6.671366566490827,42062.9,1.0,19.1,615.6628473040889,1,0,0,0,0,3.0,5.0,0.375,0,0,1,0,1
937888104,SpareBank 1 Gudbrandsdal,2025-01-01,2025-12-31,2025,NCR,A-,2,Investment Grade Low Risk,1218.2153170649322,68.62070421345939,171.80148610993828,1046.413830954994,6.090831078640254,41910.6,0.3,13.0,610.757357861384,1,0,0,0,0,3.0,4.0,0.42857142857142855,0,0,1,0,1
937888937,Sparebanken Øst,2024-01-01,2024-12-31,2024,Moody,A1,2,Investment Grade Low Risk,3636.7281574395934,246.72318779143706,425.7736328952946,3510.2670623145405,8.244444444444445,83100.3,21.3,1.3,336.8159302085839,1,0,0,0,0,4.0,4.0,0.5,0,0,1,1,1
937889275,SpareBank 1 Ringerike Hadeland,2024-01-01,2024-12-31,2024,Moody,A2,2,Investment Grade Low Risk,2662.313119542179,188.97838066977533,447.7320898685884,2225.7736328952947,4.971217572429464,58665.9,0.0,27.1,310.43709757738895,1,0,0,0,0,3.0,4.0,0.42857142857142855,0,0,1,1,1
937889631,SpareBank 1 Hallingdal Valdres,2024-01-01,2024-12-31,2024,NCR,A-,2,Investment Grade Low Risk,1525.3342941924545,109.40161085205597,210.25595591352268,1315.078423060619,6.254654796088177,49956.73,5.0,33.0,456.6361464965685,1,0,0,0,0,4.0,4.0,0.5,0,0,1,0,1
937891245,Skagerrak Sparebank,2024-01-01,2024-12-31,2024,Scope,A-,2,Investment Grade Low Risk,2538.373887240356,136.35167443832134,312.4097498940229,1971.6190758796101,6.311003662812802,2308.29,3.72,16.18,16.9289450203573,0,0,0,0,0,4.0,5.0,0.4444444444444444,0,0,1,0,1
937894627,Flekkefjord Sparebank,2024-01-01,2024-12-31,2024,NCR,BBB+,3,Investment Grade High Risk,923.8189063162357,53.571852479864354,126.34997880457821,797.4689275116575,6.311587346960138,45.478,0.0,5.42,0.8489159492308666,0,0,0,0,0,3.0,3.0,0.5,0,0,1,0,0
937895054,Søgne og Greipstad Sparebank,2024-01-01,2024-12-31,2024,NCR,BBB+,3,Investment Grade High Risk,475.50487494701144,30.04773208986859,68.36337431114879,407.14150063586266,5.955550098840945,4674.76,,,155.57779821846265,0,0,0,0,0,3.0,3.0,0.5,0,0,1,0,0
937895321,SpareBank 1 Sør-Norge ASA,2024-01-01,2024-12-31,2024,Moody,Aa3,1,Investment Grade Low Risk,40841.69890267063,2229.334463755829,4462.65366680797,36176.26112759644,8.106446036058285,1276278.0,37.0,193.0,572.4928317170564,1,0,0,0,0,5.0,5.0,0.5,0,0,1,1,1
937895976,Jæren Sparebank,2024-01-01,2024-12-31,2024,NCR,A-,2,Investment Grade Low Risk,1514.3500635862654,96.60627384484951,221.18541754980924,1377.173293768546,6.2263295158615835,125094.0,1.0,9.0,1294.8848456871654,1,0,0,0,0,3.0,4.0,0.42857142857142855,0,0,1,1,0
937896859,Fana Sparebank,2024-01-01,2024-12-31,2024,Moody,A2,2,Investment Grade Low Risk,2722.5264942772365,162.59431962696058,270.17380245866894,2452.352691818567,9.076944801832616,8951.1,0.0,11.4,55.05173871102305,1,0,0,0,0,3.0,3.0,0.5,0,0,1,0,1
937899319,Sparebanken Møre,2024-01-01,2024-12-31,2024,Moody,A1,2,Investment Grade Low Risk,8320.40402204324,533.7007206443409,765.2395082662146,7910.894446799492,10.337801905606026,924686.3,3.9,61.4,1732.59331350278,1,0,0,0,0,4.0,4.0,0.5,0,0,1,1,1
937899408,SpareBank 1 Nordmøre,2024-01-01,2024-12-31,2024,Scope,A-,2,Investment Grade Low Risk,2190.858802967359,163.03518440016958,353.3700720644341,2080.288257736329,5.8869961612284065,155389.5,2.3,43.8,953.1040834633384,1,0,0,0,0,4.0,3.0,0.5714285714285714,0,0,1,1,1
937900775,Tinde Sparebank,2024-01-01,2024-12-31,2024,NCR,BBB+,3,Investment Grade High Risk,608.4380020347605,42.43764306909708,91.30919881305638,578.8110216193303,6.339022016876634,38047.7,0.0,7.73,896.5554457878501,1,0,0,0,0,4.0,4.0,0.5,0,0,1,1,0
937901003,SpareBank 1 SMN,2024-01-01,2024-12-31,2024,Moody,Aa3,1,Investment Grade Low Risk,20507.07927087749,1374.3111487918611,2587.7914370495973,18412.462908011872,7.115126298201357,24069.0,3.0,832.0,17.51350123380629,1,0,0,0,0,4.0,6.0,0.4,0,0,1,1,1
937901291,Melhus Sparebank,2024-01-01,2024-12-31,2024,NCR,A-,2,Investment Grade Low Risk,846.8599097075031,62.83069097075032,132.5093683764307,808.1175074183976,6.098568858336937,34159.2,1.5,5.2,543.6706086186795,0,0,0,0,0,4.0,5.0,0.4444444444444444,0,0,1,1,0
937903502,Aasen Sparebank,2024-01-01,2024-12-31,2024,NCR,BBB+,3,Investment Grade High Risk,524.6451662568885,36.694616362865624,70.15226791013141,506.46027977956766,7.2194427189206305,28.21,15.63,,0.7687776245168236,0,0,0,0,0,2.0,3.0,0.4,0,0,1,1,0
937903979,Sparebanken Narvik,2024-01-01,2024-12-31,2024,NCR,A-,2,Investment Grade Low Risk,707.0056803730395,44.99092835947435,118.00330648579907,589.0023738872404,4.991405676908918,2936.006,0.0,3.544,65.25773321549443,0,0,0,0,0,2.0,4.0,0.3333333333333333,0,0,1,0,0
937904029,Sparebank 1 Helgeland,2024-01-01,2024-12-31,2024,Moody,A2,2,Investment Grade Low Risk,3192.2440682492584,215.34548537515897,442.7299703264095,2861.4667231877916,6.463232477977787,173364.0,9.0,70.0,805.0505433070866,1,0,0,0,0,4.0,4.0,0.5,0,0,1,1,1
937905378,Sparebank 68 grader Nord,2024-01-01,2024-12-31,2024,NCR,A-,2,Investment Grade Low Risk,938.4627798219585,64.79559135226792,131.67231877914372,895.7096227214922,6.8025658773723094,68.614,0.823,14.538,1.0589300686673715,0,0,0,0,0,3.0,4.0,0.42857142857142855,0,0,1,1,0
938752648,Nortura SA,2024-01-01,2024-12-31,2024,NCR,BB+,4,High Yield,873.7758372191607,2686.1326833403987,246.7566765578635,627.0191606612972,2.5410423312872896,2231813.0,15471.0,3575.0,830.864764738494,1,1,0,1,0,5.0,9.0,0.35714285714285715,0,0,0,0,1
941856543,Fjellinjen AS,2024-01-01,2024-12-31,2024,S&P,AA,1,Investment Grade Low Risk,295.56362865621026,397.94573972022044,9.07147096227215,286.4921576939381,31.58166507785192,1118.0,0.0,13.0,2.809428242116678,0,0,0,0,0,2.0,4.0,0.3333333333333333,0,0,0,0,0
942593821,Kongsberg Automotive ASA,2024-01-01,2024-12-31,2024,Moody,B2,5,High Yield,551.981167,795.8,203.0,399.9,1.969950738916256,4269759.0,2493.0,16410.0,5365.366926363408,1,1,0,0,0,3.0,5.0,0.375,0,0,0,1,1
943753709,Kongsberg Gruppen ASA,2024-01-01,2024-12-31,2024,NCR,A-,2,Investment Grade Low Risk,23342.515194573974,4177.108944467995,1633.658329800763,4251.377702416278,2.6023664954071304,13571031.0,1473.0,8100.0,3248.905207026731,1,1,0,1,0,4.0,4.0,0.5,0,1,0,1,1
946670081,SpareBank 1 Sogn og Fjordane,2024-01-01,2024-12-31,2024,Moody,A1,2,Investment Grade Low Risk,6534.718100890208,405.59559135226795,646.7147096227216,5887.918609580331,9.104352385946513,262820.2,5.6,23.2,647.9858400919733,1,0,0,0,0,4.0,4.0,0.5,0,0,1,0,1
947278770,Orkla Sparebank,2024-01-01,2024-12-31,2024,NCR,A-,2,Investment Grade Low Risk,1251.940652818991,80.34319626960577,168.21933022467147,1083.7213225943196,6.44231148196177,31187.75,2.17,39.49,388.18159406235225,1,0,0,0,0,3.0,4.0,0.42857142857142855,0,0,1,0,1
947942638,Tine SA,2024-01-01,2024-12-31,2024,Scope,A-,2,Investment Grade Low Risk,1705.4650275540484,2434.168885120814,878.2178889359899,827.2470538363714,0.9419610602997708,2636736.0,49451.0,14152.0,1083.2181842917328,1,1,0,0,0,5.0,8.0,0.38461538461538464,0,0,0,0,1
947942638,Tine SA,2025-01-01,2025-12-31,2025,Scope,A-,2,Investment Grade Low Risk,1736.48197247319,2582.0368994342634,900.3252554251452,836.1567170480448,0.9287273815874473,2739932.0,41002.0,15645.0,1061.151372623812,1,1,0,1,0,5.0,6.0,0.45454545454545453,0,0,0,0,1
952706365,SpareBank 1 Nord-Norge,2024-01-01,2024-12-31,2024,Moody,Aa3,1,Investment Grade Low Risk,10914.043833488768,806.189063162357,1639.5930479016533,9862.992793556592,6.015512694555044,1669491.0,6.0,242.0,2070.8430271321904,1,0,0,0,0,4.0,5.0,0.4444444444444444,0,0,1,1,1
953299216,Storebrand Bank ASA,2024-01-01,2024-12-31,2024,S&P,A,2,Investment Grade Low Risk,86391.88545459941,1748.3679525222553,2722.594319626961,81788.7240356083,30.040731168062774,2584600.0,8.0,152.0,1478.2929395790902,1,0,0,0,0,5.0,5.0,0.5,0,0,1,1,1
956548888,Rørosbanken Røros Sparebank,2024-01-01,2024-12-31,2024,NCR,BBB+,3,Investment Grade High Risk,718.4994489190335,48.520644340822386,103.3444679949131,615.1550657058076,5.9524721317070135,59.036,0.0,13.274,1.216719208947739,0,0,0,0,0,4.0,3.0,0.5714285714285714,0,0,1,0,0
958995369,Storebrand Livsforsikring AS,2024-01-01,2024-12-31,2024,S&P,A,2,Investment Grade Low Risk,71177.02416278084,775.6676557863502,1509.96184824078,68821.02585841459,45.57798989331837,809163.5,4.5,98.0,1043.1832421576128,1,0,0,0,0,3.0,4.0,0.42857142857142855,0,0,0,0,1
960514718,SalMar ASA,2024-01-01,2024-12-31,2024,NCR,BBB,3,Investment Grade High Risk,8949.642752013566,2247.3081814328107,1715.9813480288258,2899.025010597711,1.6894268774703558,1198458.0,27887.0,4377.0,533.2860040743954,1,1,0,1,1,3.0,4.0,0.42857142857142855,0,0,0,1,1
962986633,Statnett SF,2024-01-01,2024-12-31,2024,S&P,A+,2,Investment Grade Low Risk,8947.181008902078,1648.4103433658331,2160.4069520983467,6786.774056803731,3.141433168511106,130961.0,17619.0,44012.0,79.44684436558144,1,1,0,1,0,4.0,5.0,0.4444444444444444,0,0,0,0,1
964118191,Mowi ASA,2024-01-01,2024-12-31,2024,NCR,BBB+,3,Investment Grade High Risk,13086.703591,5603.8,4005.6,4549.0,1.1356600758937487,2477798.0,139739.0,83471.0,442.1638887897498,1,1,0,1,0,4.0,6.0,0.4,0,0,0,1,1
966011726,Nordic Semiconductor ASA,2024-01-01,2024-12-31,2024,NCR,BBB-,3,Investment Grade High Risk,2287.4569785349818,503.0243526807183,548.4319953797268,228.06814900375323,0.4158549299185981,95911.0,0.0,1352.0,190.66870120476457,1,1,0,1,0,5.0,6.0,0.45454545454545453,0,0,0,1,1
975350940,Lerøy Seafood Group ASA,2024-01-01,2024-12-31,2024,NCR,BBB+,3,Investment Grade High Risk,4321.859860618906,2638.803815175922,1794.5571852479866,1836.7335311572701,1.0235023694179215,1893689.0,156638.0,8210.0,717.6315984952269,1,1,0,1,1,4.0,5.0,0.4444444444444444,0,0,0,1,1
976542606,Akershus Energi AS,2024-01-01,2024-12-31,2024,Scope,A-,2,Investment Grade Low Risk,644.9342941924544,166.76557863501483,287.5794828317084,357.3548113607461,1.242629716981132,14935.8,2820.0,839.0,89.56164768683274,1,1,0,1,0,3.0,5.0,0.375,0,0,0,0,1
976695372,TGS ASA,2024-01-01,2024-12-31,2024,S&P,BB-,4,High Yield,3776.928282799102,1276.9448455096694,1997.9131773991658,1888.6822600827736,0.9453274954327163,674230.0,416110.0,12580.0,528.0024445620385,1,0,0,1,0,3.0,5.0,0.375,0,0,0,1,1
977028442,Vardar AS,2024-01-01,2024-12-31,2024,Scope,BBB+,3,Investment Grade High Risk,784.6279779567614,57.177787197965245,607.0196693514201,177.60830860534125,0.2925906977530229,1635.0,127.0,390.0,28.59502055123574,1,1,0,1,0,2.0,3.0,0.4,0,0,0,0,1
979151950,Arva AS,2024-01-01,2024-12-31,2024,Scope,BBB+,3,Investment Grade High Risk,656.522756083086,123.17788808817296,218.1806825773633,438.34207359050447,2.009078294248509,5748.1,566.2,4684.7,46.66503127481295,0,1,0,0,,3.0,4.0,0.42857142857142855,0,0,0,0,0
979391285,Eiendomskreditt AS,2024-01-01,2024-12-31,2024,NCR,BBB,3,Investment Grade High Risk,577.9330224671471,39.25892327257313,88.21924544298432,489.7137770241628,5.551099134492853,1293.656,0.0,2.342,32.951897101665224,0,0,0,0,0,2.0,4.0,0.3333333333333333,0,0,0,0,0
979391285,Eiendomskreditt AS,2025-01-01,2025-12-31,2025,NCR,BBB,3,Investment Grade High Risk,651.4718399054291,38.79532213121673,87.81406738157557,563.6577725238535,6.4187639786073225,1016.404,0.0,1.862,26.19913804458782,0,0,0,0,0,2.0,3.0,0.4,0,0,0,0,0
980001482,Lyse AS,2024-01-01,2024-12-31,2024,Scope,A-,2,Investment Grade Low Risk,6325.385926239933,1835.3587961000426,1879.6092412039,4445.776600254345,2.3652664089940316,218249.0,2602.0,8710.0,118.91353367186717,0,1,0,1,0,4.0,4.0,0.5,0,0,0,0,1
980374505,Bane NOR Eiendom AS,2024-01-01,2024-12-31,2024,NCR,A,2,Investment Grade Low Risk,21754.64179737177,1653.1581178465453,697.1598134802883,21057.48198389148,30.20466982852973,1043369.0,9255.0,2587.0,631.1368457356787,1,1,0,1,0,5.0,6.0,0.45454545454545453,0,0,0,0,1
980417824,Trønderenergi AS,2024-01-01,2024-12-31,2024,Scope,BBB+,3,Investment Grade High Risk,1009.7503179313269,95.27867740568038,666.4505298855447,343.2997880457821,0.5151166855621526,779.44,174.43,12.92,8.18063412741633,0,1,0,1,0,2.0,4.0,0.3333333333333333,0,0,0,0,1
981203267,Kommunalbanken AS,2024-01-01,2024-12-31,2024,S&P,AAA,1,Investment Grade Low Risk,48125.81602373887,2283.255616786774,1871.555743959305,46254.26027977957,24.714337485843714,82.6,0.0,15.8,0.03617641379822509,1,0,0,0,0,5.0,4.0,0.5555555555555556,0,0,0,0,0
981952324,Å Energi AS,2024-01-01,2024-12-31,2024,Scope,A-,2,Investment Grade Low Risk,5733.192030521408,2661.975413310725,2117.507418397626,3615.6846121237813,1.7075192184497117,188337.0,6718.0,33276.0,70.75084129562393,1,1,0,1,1,5.0,7.0,0.4166666666666667,0,0,0,0,1
982463718,Telenor ASA,2024-01-01,2024-12-31,2024,Moody,Baa1,3,Investment Grade High Risk,27186.870270199237,6902.331496396779,6932.76812208563,12465.960152607038,1.7981216064178447,1363572.0,101755.0,471457.0,197.55237787576922,1,0,0,1,0,4.0,6.0,0.4,0,0,0,1,1
982719445,JBF Sparebank,2024-01-01,2024-12-31,2024,NCR,A-,2,Investment Grade Low Risk,1054.9483679525224,66.31784654514625,158.31403136922427,896.634336583298,5.663644143405983,9317.908,,30.265,140.5037781746544,0,0,0,0,0,4.0,4.0,0.5,0,0,1,0,0
983424082,Eidsiva Energi AS,2024-01-01,2024-12-31,2024,Scope,A-,2,Investment Grade Low Risk,4685.629504027131,1031.0300974989402,2403.984739296312,2281.644764730818,0.9491095044965615,186487.0,51562.0,22186.0,180.8744482361648,1,1,0,0,0,4.0,6.0,0.4,0,0,0,0,1
983521592,Santander Consumer Bank AS,2024-01-01,2024-12-31,2024,Moody,A1,2,Investment Grade Low Risk,17947.350572276388,1319.8813056379822,2587.452310300975,15359.898261975413,5.936301975818342,534923.1,0.0,35.4,405.28121560251793,1,0,0,0,0,3.0,3.0,0.5,0,0,0,0,1
983521592,Santander Consumer Bank AS,2025-01-01,2025-12-31,2025,Moody,A1,2,Investment Grade Low Risk,18096.259393734686,1152.917335134678,2490.9229080469463,15605.33648568774,6.264881355932204,492378.0,0.0,26.7,427.0713823055517,1,0,0,0,0,3.0,5.0,0.375,0,0,0,0,1
984661177,Vygruppen AS,2024-01-01,2024-12-31,2024,S&P,A-,2,Investment Grade Low Risk,1955.6591776176347,1656.7189487070793,303.17931326833406,1652.4798643493007,5.450503355704698,231588.0,121423.0,12105.0,139.78713781280385,1,1,0,0,,3.0,5.0,0.375,0,0,0,0,1
984661177,Vygruppen AS,2025-01-01,2025-12-31,2025,S&P,A-,2,Investment Grade Low Risk,2033.5219116777832,1771.8483492358346,391.9614962425059,1641.5604154352773,4.188065489013356,232599.0,115996.0,13833.0,131.27477873618002,1,1,0,0,,3.0,5.0,0.375,0,0,0,0,1
984661185,Posten Bring AS,2024-01-01,2024-12-31,2024,Scope,A,2,Investment Grade Low Risk,1726.4094955489616,2143.3658329800764,517.2530733361594,1209.156422212802,2.337649565644976,378445.0,36173.0,868.0,176.5657519481033,1,1,0,1,1,6.0,4.0,0.6,0,0,0,0,1
984851006,DNB Bank ASA,2024-01-01,2024-12-31,2024,S&P,AA-,1,Investment Grade Low Risk,311102.59617575246,17996.184824078,24020.771513353116,282390.8435777872,11.756110473837467,25516026.0,67.0,1379.0,1417.8575208819166,1,0,0,0,0,4.0,4.0,0.5,0,0,1,1,1
984882092,Sogn og Fjordane Energi AS,2024-01-01,2024-12-31,2024,Scope,BBB,3,Investment Grade High Risk,671.169987282747,176.15871131835524,291.47791437049597,379.6921576939381,1.3026446909844205,3958.0,76.0,140.0,22.46837508278018,1,1,0,0,0,4.0,5.0,0.4444444444444444,0,0,0,0,1
985198292,Avinor AS,2024-01-01,2024-12-31,2024,S&P,A+,2,Investment Grade Low Risk,4369.4277236117005,1043.0606189063162,1280.729122509538,3088.6986011021622,2.4116720287034465,482479.0,5693.0,5418.0,462.5608437847987,1,1,1,1,1,4.0,4.0,0.5,0,0,0,0,1
985279721,Protector Forsikring ASA,2024-01-01,2024-12-31,2024,AMBest,a-,2,Investment Grade Low Risk,3622.5095379398053,1071.4709622721493,461.12759643916917,1629.080118694362,3.5328185328185326,122281.0,0.0,78.0,114.12441802500395,0,0,0,0,0,3.0,4.0,0.42857142857142855,0,0,0,1,0
986228608,Yara International ASA,2024-01-01,2024-12-31,2024,S&P,BBB,3,Investment Grade High Risk,14192.208568678363,13412.26297044947,6740.783521031839,7691.789392626792,1.1410823932600314,58500000.0,14900000.0,1000000.0,4361.680063154887,1,1,0,1,0,6.0,5.0,0.5454545454545454,0,0,0,1,1
986918930,Kredittforeningen for Sparebanker,2024-01-01,2024-12-31,2024,NCR,A-,2,Investment Grade Low Risk,303.5354811360746,18.009241203899958,19.08503603221704,284.4504451038576,14.904370346678041,1.895,,,0.10522375587871141,0,0,0,0,0,2.0,3.0,0.4,0,0,0,0,0
986947884,Nordkraft AS,2024-01-01,2024-12-31,2024,Scope,BBB,3,Investment Grade High Risk,671.262653666808,101.95464179737178,308.5261551504875,362.73649851632047,1.1757074480100114,48539.527,450.491,183.191,476.0894270657059,0,1,0,0,,3.0,8.0,0.2727272727272727,0,0,0,0,1
987059699,Statkraft AS,2024-01-01,2024-12-31,2024,S&P,A-,2,Investment Grade Low Risk,27779.73717676982,7387.961000423908,12463.925392115303,15315.811784654516,1.2288112535031155,5550344.0,1113058.0,151147.0,751.2687194317256,1,1,1,1,0,4.0,5.0,0.4444444444444444,0,0,0,0,1
988622036,Norwegian Property ASA,2024-01-01,2024-12-31,2024,Scope,BBB-,3,Investment Grade High Risk,2533.641373463332,125.67189487070793,983.314963967783,1550.3264094955491,1.5766325809177286,13859.5,225.4,2094.7,110.28321021385685,0,1,0,0,0,2.0,2.0,0.5,0,0,0,0,1
989795848,Aker BP ASA,2024-01-01,2024-12-31,2024,Fitch,BBB,3,Investment Grade High Risk,40261.61804697263,12449.706420252149,12215.90143420922,28397.054576956303,2.3245975526156126,72310600.0,838200.0,14400.0,5808.217283129755,1,1,1,1,0,6.0,7.0,0.46153846153846156,0,0,0,1,1
990906475,Pareto Bank ASA,2024-01-01,2024-12-31,2024,NCR,BBB+,3,Investment Grade High Risk,2288.358439593048,191.90809665112337,460.92683340398474,1848.2997880457822,4.009963521533185,10.90719,0.0,,0.056835486310036064,0,0,0,0,0,2.0,4.0,0.3333333333333333,0,0,0,1,0
992462841,Nord-Trøndelag Elektrisitetsverk AS,2024-01-01,2024-12-31,2024,Scope,BBB,3,Investment Grade High Risk,1026.8725731242052,353.9201356506995,696.2465451462484,330.62611275964395,0.47486930465155136,52486.0,529.0,314.0,148.2989937927717,1,1,0,1,0,4.0,4.0,0.5,0,0,0,0,1
992710691,Sparebanken Norge Boligkreditt AS,2024-01-01,2024-12-31,2024,Moody,Aa3,1,Investment Grade Low Risk,27762.05952149216,1728.868164476473,2226.451886392539,26443.91691394659,11.877156239290203,1270851.4,13.6,52.8,735.0771019517457,1,0,0,0,0,6.0,4.0,0.6,0,0,1,1,1
993153036,Rogaland Sparebank Boligkreditt AS,2024-01-01,2024-12-31,2024,Scope,A-,2,Investment Grade Low Risk,3270.6610060195,207.66324713861806,362.7300551080967,3003.2895294616364,8.27968205878785,64702.4,0.0,12.5,311.5736698309945,1,0,0,0,0,4.0,4.0,0.5,0,0,1,1,1
993821837,KLP Banken AS,2024-01-01,2024-12-31,2024,Moody,A2,2,Investment Grade Low Risk,73246.71470962273,7089.105553200509,4125.816023738873,69120.89868588385,16.753267302317933,26627210.1,1.1,21.0,3756.0747121304535,1,0,0,0,0,5.0,3.0,0.625,0,0,0,0,0
995568217,Gjensidige Forsikring ASA,2024-01-01,2024-12-31,2024,S&P,A,2,Investment Grade Low Risk,22006.824925816025,3737.108944467995,2205.6634167019924,12333.234421364985,5.5916212455507806,3419968.0,434.0,690.0,915.1373563948529,1,0,0,0,0,5.0,5.0,0.5,0,0,0,1,1
995568217,Gjensidige Forsikring ASA,2025-01-01,2025-12-31,2025,S&P,A,2,Investment Grade Low Risk,26563.353879929058,4224.098623659544,2390.1545216583622,13813.206113315875,5.779210502144376,3940899.0,379.0,452.0,932.9561999160442,1,0,0,0,0,4.0,6.0,0.4,0,0,0,1,1
995610760,Brage Finans AS,2024-01-01,2024-12-31,2024,Scope,A+,2,Investment Grade Low Risk,2283.7030945315814,194.3097075031793,375.9617634590929,1907.7413310724885,5.074296155864434,68.117,4.266,3.131,0.35055891378399334,0,0,0,0,0,4.0,5.0,0.4444444444444444,0,0,0,0,1
996225127,Landkreditt Boligkreditt AS,2024-01-01,2024-12-31,2024,Scope,A-,2,Investment Grade Low Risk,3355.026706231454,204.57108944467996,374.62645188639254,2980.4002543450615,7.955658868554439,43.8,9.2,18.9,0.21410650018483857,0,0,0,0,0,3.0,5.0,0.375,0,0,0,0,1
998753562,Borregaard ASA,2024-01-01,2024-12-31,2024,Scope,A-,2,Investment Grade Low Risk,1917.110828486647,676.8122085629504,431.5387876218737,381.00890207715133,0.8829076620825146,670081.0,120312.0,62468.0,990.0545402730802,1,1,0,1,1,4.0,5.0,0.4444444444444444,0,0,0,1,1
999296432,Entra ASA,2024-01-01,2024-12-31,2024,Moody,Baa3,3,Investment Grade High Risk,5082.532052395083,316.15091140313694,2166.765578635015,3297.4989402289107,1.5218531126501544,16841.0,281.0,105.0,53.26886430678466,1,1,0,0,0,4.0,4.0,0.5,0,0,0,1,1
