period_year,yahoo_ticker,yf_current_ratio,yf_quick_ratio,yf_cash_ratio,yf_debt_to_assets,yf_debt_to_equity,yf_equity_ratio,yf_interest_coverage,yf_gross_margin,yf_operating_margin,yf_net_margin,yf_roa,yf_roe,yf_asset_turnover,organization_number,issuer_name
2024,MAERSK-B.CO,2.4471737412913885,2.3321841557135676,0.47224017812253105,0.18788556050948152,0.2894917160075197,0.649018780574022,6.647714604236343,0.12470711221657474,0.10747629861937205,0.1101077827043005,0.06966030765020469,0.10733172865751885,0.6326556210588732,100000337,A.P. Møller - Mærsk A/S
2025,MAERSK-B.CO,2.120471077242813,2.0241080706615864,0.62639418081053,0.21414342629482072,0.34040409492452456,0.6290859290112278,2.9188376753507015,0.0705527154182411,0.05395643476328073,0.05047417944728458,0.030842538935168418,0.04902754538421403,0.6110557768924303,100000337,A.P. Møller - Mærsk A/S
2024,SKF-B.ST,2.050640472555917,1.1817880135395236,0.36606491006836134,0.1678376726152094,0.33599892705661455,0.4995184778876672,9.494031221303949,0.27727355604627135,0.10472842932679646,0.06557808796418226,0.054215202699873545,0.10853492933661922,0.826727408238634,134016864,AB SKF
2024,SAGA-B.ST,0.2825401376146789,0.2825401376146789,0.04114105504587156,0.4245395269144734,0.8714980093305,0.487137689781543,4.223628691983122,0.9231680821647245,0.7908354730396998,1.0379221805253802,0.06252677169101899,0.12835543831367088,0.060242254057398505,100000440,AB Sagax (publ)
2024,ABB.ST,1.4166097993721851,1.062645011600928,0.2952094991128702,0.19132247815726766,0.5345724391427977,0.3578981334392375,64.22972972972973,0.39240754667625805,0.15541313801785306,0.12866625249321517,0.0976717633042097,0.2729038074762466,0.7591094122319301,260003318,ABB Ltd
2025,ABB.ST,1.5576396078192558,1.2124109372145424,0.2825650082211802,0.20251754483680517,0.5650525268850625,0.3584048122980951,66.61627906976744,0.4105960264900662,0.17245635159542444,0.14250451535219746,0.10546953325164309,0.29427488033816124,0.740113623705024,260003318,ABB Ltd
2024,ADBE,1.067579127459367,1.067579127459367,0.7236004182111967,0.20033079722130334,0.4293512938674229,0.46658948064836253,45.80473372781065,0.89035108114392,0.3599627993489886,0.25854452452917925,0.18392325504465762,0.3941864587025877,0.711379424412835,260005045,ADOBE INC.
2024,ALSYDB.CO,,,,0.06876165003175522,0.845953500190573,0.08128301380189912,,,,0.36592474827768945,0.014261446075520604,0.175454198958201,0.038973712881256166,199936189,AL Sydbank A/S
2025,ALSYDB.CO,,,,0.07293171516303554,0.6632007233273056,0.10996929375639714,,,,0.25203035547863134,0.005535897060973826,0.050340389320285076,0.02196519959058342,199936189,AL Sydbank A/S
2024,1AM.F,,,,0.06355298433751941,0.1680220846079236,0.378241851276986,,,,0.05822405395279131,0.021927472837589952,0.057972095799447884,0.37660505150275153,199939274,ALM Brand A/S
2024,AASB.OL,,,,0.13046183474139159,1.067593534804688,0.12220178418864165,,,,0.4106124485987139,0.011664939976916755,0.09545638023508483,0.028408636943973286,937903502,Aasen Sparebank
2024,FKM.F,2.2137814457591727,1.9999005667694143,1.2490802426170826,0.35161712883526136,0.7230168064038848,0.4863194406007269,0.23031379514505623,0.7428992387656544,0.06368175493165261,0.5890971596955062,0.06639176398959429,0.13651883607117113,0.11270087267762588,886581432,Aker ASA
2024,ARC.MU,1.3656402303943287,1.2978732831191848,0.9140008861320337,0.19140661106489482,0.636351458896392,0.3007875732646962,159.0190114068441,0.7292917412008789,0.6832153038137012,0.14928896403571107,0.04331771459179151,0.1440143092403338,0.29016019282865124,989795848,Aker BP ASA
2024,0QF8.L,,,,,,,,,,,,,,199935100,Aktia Bank Abp
2024,SCHO.CO,1.5323783945091018,0.8113001094200736,0.08872973241818363,0.2291007360523415,0.571238584980938,0.40105963090708674,4.190804597701149,0.3000634627588992,0.05258754976057232,0.027404373161022327,0.0337801799239057,0.08422732511747495,1.2326565444653843,260004949,Aktieselskabet Schouw & Co.
2024,ALFA.ST,1.3374662215863933,0.8792560801144492,0.23427118105229694,0.15305789218832697,0.32429853025386524,0.4719660371834285,32.108024691358025,0.3466111061325686,0.15537533231771067,0.11038922245123518,0.08322917018569193,0.17634567665585035,0.7539610148305801,199938567,Alfa Laval AB
2024,ALFA.ST,1.3374662215863933,0.8792560801144492,0.23427118105229694,0.15305789218832697,0.32429853025386524,0.4719660371834285,32.108024691358025,0.3466111061325686,0.15537533231771067,0.11038922245123518,0.08322917018569193,0.17634567665585035,0.7539610148305801,199936642,Alfa Laval Treasury International AB (publ)
2024,CJA1.F,0.9809010711230834,0.6833229072246549,0.1671156276730202,0.39472567037455,1.1138583083128621,0.3543769143962599,7.314567614625653,0.17466486677687382,0.05458719238848744,0.03941036765395916,0.07334354344671933,0.20696478937312346,1.8610215487129884,199937403,Alimentation Couche-Tard Inc.
2024,ALV.DE,,,,0.03335222453469248,0.577885779687163,0.057714215692844385,19.393700787401574,,0.10559711890930137,0.07096257869050426,0.009507188548868539,0.1647287143165193,0.13397467685515108,199938755,Allianz SE
2024,ARION-SDB.ST,,,,0.2958047096060168,2.317196077102555,0.12765631382213194,,,,0.3920040835322554,0.016135161873782264,0.1263953296995866,0.04116069845087368,199934937,Arion Banki hf
2025,ARION-SDB.ST,,,,0.3071071584181254,2.4810907066310213,0.12377909344359866,,,,0.3907324479146732,0.017443108844292943,0.1409212845159598,0.04464207909372837,199934937,Arion Banki hf
2024,ASSA-B.ST,1.104579048524837,0.6911569478293605,0.08924290158315006,0.3287091075780953,0.6864697256960335,0.47883991860647124,7.056533025670609,0.41773551231336825,0.16292404203460262,0.10414752067766812,0.06994029650499765,0.1460619588870936,0.6715502783927014,106083008,Assa Abloy AB
2024,AZN.ST,0.9268283930237565,0.7370630876336755,0.19694251058637766,0.289460277791128,0.7383415877997352,0.39204114000096124,6.094530321046373,0.8112366615501266,0.18957705324283838,0.13010189928430085,0.06762147354255779,0.17248565684303438,0.5197577738261162,260003481,AstraZeneca PLC
2025,AZN.ST,0.9381389424176111,0.7239768755919914,0.18653035895090964,0.2555271139786454,0.5989479524112848,0.42662657573154267,8.257125154894672,0.8189788726399837,0.22688503379356134,0.17407514598478013,0.08963479846415484,0.21010130067602276,0.5149201395585322,260003481,AstraZeneca PLC
2024,MKL.F,0.936012619161923,0.869213359851862,0.1374391331184418,0.10417357525226206,0.4971738638932851,0.20953147946373585,5.916256157635468,0.30039331366764993,0.034733067268205214,0.022181734050552373,0.036335212468615284,0.17341171150802623,1.6380690700649012,920237126,Atea ASA
2024,ATCO-A.ST,1.7235586032662638,1.2000180456555085,0.3422899936840206,0.16643489435978095,0.305259454705365,0.5452243715773624,41.57516339869281,0.42848657302385573,0.2159064552443557,0.16847786118763824,0.1428133002138699,0.2619349164467898,0.8476680509067892,199936663,Atlas Copco AB
2024,ATRLJ-B.ST,0.41283271637581526,0.1285034373347435,0.022739291380222106,0.4189116773030643,0.923696648524778,0.4535165067147334,3.4166666666666665,0.611490329920364,0.5713879408418657,0.24175199089874858,0.01380295870479531,0.03043540532798625,0.05709553271301213,199936278,Atrium Ljungberg AB (publ)
2025,ATRLJ-B.ST,0.3587962962962963,0.13020833333333334,0.037905092592592594,0.4317677198975235,0.9826842886423068,0.43937582485831844,2.459526774595268,0.6171262699564586,0.5732946298984035,0.23889695210449927,0.01277851098517196,0.029083327443635593,0.053489635897834016,199936278,Atrium Ljungberg AB (publ)
2024,AURG.OL,,,,0.2830576983872443,2.324423094858958,0.12177546291520555,,,,0.494986739795522,0.012281348330341809,0.10085240520821122,0.024811469364644415,937885644,Aurskog Sparebank
2024,Z85.F,2.52845697638123,1.1029029237332224,0.5810009364270107,0.2859171384919565,0.9314322520201429,0.3069650399928103,6.647909967845659,0.485805575976927,0.11692020584742407,0.07761692020584743,0.04933944459423025,0.16073310692118514,0.6356789790599443,929975200,Austevoll Seafood ASA
2024,ALIV-SDB.ST,0.9587118084227911,0.7052023121387283,0.09083402146985962,0.26499231163505893,0.9086115992970123,0.291645310097386,9.074074074074074,0.18546679499518767,0.09432146294513956,0.06217516843118383,0.08277806253203486,0.28383128295254834,1.3313685289595079,199938117,Autoliv Inc
2024,0HB5.IL,,,,0.14044655123205668,2.9647564715890025,0.04737203631324984,,,,0.17744041293456808,0.004321034208926884,0.09121487158275908,0.024352029717831437,199937853,BNP Paribas SA
2024,BBVA,,,,0.09830373303020966,1.3643224206705717,0.07205315366868548,,,,0.25625079648273225,0.013016538020357274,0.18065188486002803,0.05079608804741573,199938389,Banco Bilbao Vizcaya Argentaria S.A.
2024,BAYN.MU,1.1896932854379663,0.7267546283503731,0.21383669521967394,0.3671357690572846,1.2754481634699761,0.2878484438430311,1.410941475826972,0.5436209930051925,0.07138565849890573,-0.054756898253443764,-0.023022101939557962,-0.07997994233421085,0.4204420387911592,199938502,Bayer AG
2024,BRGO.OL,,,,,,,,,,,,,,998753562,Borregaard ASA
2024,CARL-B.CO,0.5724746322490929,0.4431262629554788,0.25078764965343414,0.3345848831496947,1.3733751035252602,0.24362235946382202,7.465972222222222,0.4583327778592473,0.14332564557198277,0.12152884243644266,0.0799705242473156,0.32825609448705484,0.6580374061337638,199936574,Carlsberg Breweries A/S
2025,CARL-B.CO,0.6025007209656821,0.456041692415441,0.19744160177975528,0.4587249520963918,2.5400302114803623,0.18059822675457113,4.323620157696263,0.4516078343341377,0.14155676525057523,0.06683876760760986,0.03868013380533273,0.21417781614156237,0.5787080640446883,199936574,Carlsberg Breweries A/S
2024,CAST.ST,0.341644204851752,0.341644204851752,0.20215633423180593,0.38070049854617094,0.7590496880288984,0.5015488505565093,3.1135161135161136,0.6869378577269011,0.6615903515944399,0.24090351594439902,0.0149310460600916,0.029769873948518454,0.06197936132878075,181305440,Castellum AB
2024,CATE.ST,1.031628532974428,1.031628532974428,0.6662180349932705,0.3861974610864397,0.7454435256937529,0.5180774234064505,3.465069860279441,0.8157774737802097,0.791609667122663,0.49247606019151846,0.024222850222042795,0.04675527079094333,0.04918584308975912,199938447,Catena AB
2024,CTY1S.HE,4.372113676731794,4.372113676731794,3.127886323268206,0.4953173293672004,1.1468388485337637,0.4318979340475471,2.4921671018276763,0.6680149346608587,0.5939639079029247,-0.1179215930304916,-0.008807603820501499,-0.020392789884315306,0.07469033952266971,199934341,Citycon Oyj
2024,COLO-B.CO,1.0235201881615053,0.6636613092904743,0.07722461779694237,0.4707216108834481,1.2612306320365623,0.37322405508289475,9.164779874213837,0.6758786533481317,0.26955234924158344,0.18690344062153164,0.10509017535830924,0.2815739605395162,0.5622698812223077,260002879,Coloplast A/S
2024,ZZMS.F,,,,0.09895681209275826,1.5923755367297203,0.062144142389920776,,,,0.21655071994822844,0.004826501948990888,0.07766624115121272,0.022288090061047948,252536604,Commerzbank AG
2024,BJV0.F,0.07781975175391258,0.07781975175391258,0.03162439287641662,0.5336732216557417,1.5328436613825485,0.34815893825362143,1.6917755572636433,0.6389715832205684,0.5956698240866035,-0.2866035182679296,-0.01714008254430687,-0.04923062619125099,0.05980415958565995,108520479,Corem Property Group AB (publ)
2024,DFDS.CO,0.9686253655942568,0.925817601701675,0.21124700877426217,0.4691326595555103,1.3340089764007528,0.3516712914640666,1.7481751824817517,0.12335305189567088,0.04829927399838666,0.017948373218607153,0.013594358595758764,0.03865643550021717,0.7574145261067692,147805458,DFDS A/S
2025,DFDS.CO,0.7849424058900368,0.7546609666310414,0.21315758223488898,0.45208395075033003,1.2549547528232743,0.3602392434733411,0.5138888888888888,0.08737518984069538,0.013151517109897566,-0.01379778330694413,-0.011504162513134143,-0.03193478423453743,0.8337688929600992,147805458,DFDS A/S
2024,DNB.OL,,,,0.2806834295991423,3.5831858625890565,0.07833348320824543,,,,0.5396250884225419,0.012664476187182236,0.16167385476162724,0.023469027772974094,984851006,DNB Bank ASA
2024,DSV.CO,3.226194726373234,3.0985107359616464,2.0857346865915236,0.3501109725422224,0.7253069660717101,0.482707307277685,8.145030425963489,0.2571661101336876,0.09611863128792503,0.06049453640204421,0.04273605445052738,0.08853409469093203,0.7064448624997358,199936490,DSV A/S
2025,DSV.CO,0.9503481462578834,0.9248903308908413,0.12793311703304047,0.33727309357274954,0.8340998518064285,0.40435577688008184,5.295805142083897,0.2703219572152298,0.079116649348444,0.032729419280235796,0.02787793630950536,0.06894407821895174,0.8517699648383287,199936490,DSV A/S
2024,DANSKE.CO,,,,0.30320513062015986,6.454276221573008,0.04697740230061985,,,,0.418842506425596,0.00635864718428909,0.13535544480724065,0.01518147534392776,199936751,Danske Bank A/S
2025,DANSKE.CO,,,,0.30279886763431524,6.2743842527682405,0.048259535188767126,,,,0.40525991731902544,0.006136799727004716,0.1271624292070081,0.015142873658965276,199936751,Danske Bank A/S
2024,DB,,,,0.10920740467871079,1.946521727957238,0.05610387138771764,,,,0.11202449495789929,0.0024265108201765168,0.04325032765399738,0.021660537912609565,199938138,Deutsche Bank AG
2024,DOM.ST,1.6001173708920189,0.8518779342723005,0.4944835680751174,0.33364885843019954,0.692087178480267,0.4820907955018742,2.0811623246492985,0.2770105605199025,0.08436230706742485,-0.09354183590576767,-0.04359925788497217,-0.09043785588062046,0.46609367309075767,199936643,Dometic Group Ab (publ)
2024,EQT.ST,6.848613827217301,6.848613827217301,1.177959277579662,0.19362256229803765,0.2745800395256917,0.7051589133445402,18.446280991735538,0.6818695816057294,0.42065586128910665,0.2924990576705616,0.06758934248460513,0.0958498023715415,0.23107541960265132,199939997,EQT AB
2024,ELUX-B.ST,0.9295104629730023,0.6414534316382956,0.21916675702049224,0.3479439818802437,4.489401111339782,0.0775034293552812,0.36303001429252024,0.14909291222915902,0.005596768270290121,-0.010238707308116048,-0.011117491306983125,-0.14344515332372917,1.0858295849682584,100000445,Electrolux AB (publ)
2025,ELUX-B.ST,0.9620658135283364,0.6578915295551493,0.23854357099329676,0.37949505347826845,5.0,0.07589901069565369,1.436345481777334,0.16530826769854207,0.02191465699791289,0.0066878932374582955,0.007659693263308499,0.10091954022988506,1.1453073473731963,100000445,Electrolux AB (publ)
2024,EKTA-B.ST,0.9972849385538726,0.7645041440411546,0.19798513861103173,0.23073249928373604,0.6726682134570766,0.3430108553783465,6.295264623955432,0.3740272641978034,0.1247309454164137,0.07185827032396931,0.041447808232260526,0.12083526682134571,0.5767994142552446,120942809,Elekta AB (publ)
2024,ELV,,,,0.26719366236343883,0.7559482028319012,0.3534549872100882,7.670042194092827,,0.05140546349188394,0.03382161642441038,0.05115964718664716,0.1447416192666102,1.5126316419851311,260005063,Elevance Health Inc
2024,ELISAH.XC,0.8174255691768827,0.7346760070052539,0.09840192644483363,0.465558336312716,1.2155581485803189,0.38299964247407936,12.580310880829016,0.6422997946611909,0.2215833903718914,0.16354095368469085,0.10678107496126803,0.27880202255931547,0.6529317125491598,199934619,Elisa Oyj
2024,ELKO.OL,,,,,,,,,,,,,,911382008,Elkem ASA
2024,ELO.OL,1.3922776406298685,0.7992773769863145,0.0840423747093929,0.37582988996703653,1.1596336229579127,0.3240936469299638,2.6443845416137477,0.3776465583284767,0.08821688159640018,0.05266916961665436,0.05771400904481761,0.17807818694233626,1.0957835383561476,811413682,Elopak ASA
2024,2EN.F,0.18865943297164858,0.13090654532726637,0.026601330066503327,0.49054320336379575,1.3282917401899,0.3693038121984143,1.8967468175388968,0.7725931885223921,0.7192276749798874,0.0034861893268972916,0.00020170361980419233,0.0005461725905386102,0.05785790755767948,999296432,Entra ASA
2024,EPOAY,,,,,,,,,,,,,,199938697,Epiroc Aktiebolag
2024,EQNR,1.4756435863293387,1.3638204616067466,0.1637538837106081,0.22948582060530268,0.7107600018893769,0.322873853333435,28.717123935666983,0.41586505629158455,0.2961308072037619,0.085910518819145,0.06714909906131568,0.20797317084691322,0.781616733134565,923609016,Equinor ASA
2024,ESSITY-B.ST,1.4331861338043719,1.0174431441819387,0.2420401854714065,0.2362697264739535,0.49569717145639425,0.47664126422141145,8.225991189427313,0.3238426339439078,0.12829620875874295,0.14351476509144875,0.112735044580212,0.2365196911022035,0.785529241596684,199938034,Essity AB
2024,8TRA.DE,0.9803955288048152,0.6576096302665521,0.10928632846087705,0.3650205196271378,1.3412938670254513,0.27214060140052176,5.7422552664188355,0.21275699359622513,0.09761543646781261,0.05906639703404112,0.042778464308053765,0.15719251037111784,0.7242436724792897,260004735,Euroclear: TRATON FINANCE LUXEMBOURG S.A.
2024,FABG.ST,0.5920153130981679,0.3858353841946951,0.017500683620453924,0.42529336931838446,0.9304460918194823,0.45708544864402145,2.3602362204724407,0.6897303187142468,0.6532280032688641,-0.05802233723780986,-0.002532428158698831,-0.005540382364416699,0.043645745401800044,198403405,Fabege AB (publ)
2024,FPAR-A.ST,0.07128056361375881,0.07128056361375881,0.007689828245153566,0.4831969002702867,1.1648323095577555,0.4148209972418596,1.7470404288586108,0.7023633033923432,0.6820877300078486,0.2825499258742478,0.017908566817194434,0.04317179442764061,0.06338195546073104,153033241,FastPartner AB (publ)
2024,BALD-B.ST,0.5172428639083825,0.4330735781633444,0.14556335299436002,0.5279218888797653,1.5996833295634472,0.33001649709248077,1.5660412409437117,0.7465827896862379,0.6547064305684995,0.2566014290152221,0.012331763248061033,0.0373671115132323,0.04805804587833954,131799428,Fastighets AB Balder (publ)
2024,FER.AS,1.2175845103951755,1.1395016664021584,0.7633708935089668,0.39770336908169246,1.8984362139917696,0.20948998241318667,1.8888888888888888,0.8781154350677743,0.0984914735461303,0.3540664626147792,0.11169350667264388,0.5331687242798354,0.3154591537639229,260004739,Ferrovial SE
2025,FER.AS,1.1308787128712872,1.047339108910891,0.65625,0.3913931436907367,1.8165199729180772,0.21546316557257475,2.2077625570776256,0.88324503999169,0.10044666043419549,0.09224057338734809,0.03238512035010941,0.15030467163168584,0.35109409190371993,260004739,Ferrovial SE
2024,FIA1S.HE,0.8611946712505372,0.8267440194814496,0.15692594184214295,0.5012362268207471,2.9741667995535,0.16852996506315507,1.1878224974200207,0.10928890055103647,0.037752558383626345,0.012135922330097087,0.009943563558183283,0.05900175410620316,0.8193496371943026,199936132,Finnair Plc.
2024,FOT.F,3.4858515750133474,3.261612386545649,2.207688200747464,0.27890448951291386,0.5319594445668944,0.5242965274166522,4.462121212121212,0.41344827586206895,0.20310344827586208,0.2006896551724138,0.0672560235742763,0.12827859819263832,0.33512451609175475,199934805,Fortum Oyj
2025,FOT.F,2.199300699300699,1.9755244755244756,1.2683566433566433,0.2886159085380686,0.5558027872116172,0.519277548041839,4.914893617021277,0.4044898777310082,0.185207456404089,0.153337342152736,0.04652152760885429,0.08958894484131631,0.30339333495499876,199934805,Fortum Oyj
2024,BNW.F,,,,0.07892999580199184,0.551726197558136,0.14306008333721526,,,,0.4887482740216044,0.021391580443952455,0.14952864520237355,0.043768094090511044,199937619,Føroya Banki P/F
2024,XGJ.F,,,,0.0315605386552745,0.20810230934272553,0.15165876224514727,,,,0.1266647775573817,0.0299761555296254,0.1976552827272238,0.23665738895760186,995568217,Gjensidige Forsikring ASA
2025,XGJ.F,,,,0.027516500833249087,0.18653911372371693,0.14751062275338014,,,,0.14589763732216493,0.034164254812677895,0.2316053866154194,0.23416592235306624,995568217,Gjensidige Forsikring ASA
2024,GLNG,0.8791977412408916,0.8767296001064735,0.6730455697044885,0.33403706363817653,0.7243578063412326,0.4611492562293411,,0.32746608698323937,0.1762324673928072,0.19525525018051096,0.011639825930351535,0.025240907955759027,0.05961338258300694,136282765,Golar LNG Limited
2024,HMSB.F,1.1361890472618155,0.5308177044261065,0.2601650412603151,0.4270145493690834,1.667764726279745,0.25604004128425095,6.31456592807846,0.5343742270063716,0.07413915164748931,0.049561152858690366,0.06448444626943522,0.25185297559706993,1.3011086819004074,199938867,H & M Hennes & Mauritz AB
2024,HLUN-A.CO,1.5163170163170163,1.052097902097902,0.5435897435897435,0.28950745750953866,0.667453018792483,0.43374956642386403,28.938053097345133,0.807762225049991,0.14860934375568077,0.1428376658789311,0.05450919181408255,0.12566973210715715,0.3816163718348942,199939675,H. Lundbeck A/S
2025,HLUN-A.CO,1.4439173161640122,0.9386648593697052,0.3877781542979781,0.2238828908441234,0.467975745894069,0.4784070388442771,10.262645914396888,0.8268371904181891,0.21416971173365815,0.12959805115712544,0.06132093595112768,0.12817732803276713,0.47316248511161485,199939675,H. Lundbeck A/S
2024,HGSB.OL,,,,0.261358813882035,2.011594250118228,0.12992620846210617,,,,0.3710302743857498,0.009871762029371565,0.0759797591742295,0.026606351855558208,837895502,Haugesund Sparebank
2024,HEBA-B.ST,0.04399527794686171,0.04399527794686171,0.019784990337802573,0.4391257086575071,0.9643954566601612,0.4553378032060229,2.199517781796263,0.7187611249555002,0.6495194019223923,0.17568529725881096,0.006967190462445679,0.015301146562815237,0.03965721987641319,199938639,Heba Fastighets Aktiebolag
2024,HEIM-PREF.ST,,,,,,,,,,,,,,199936636,Heimstaden AB (publ)
2024,HOFI.ST,,,,0.12375733305230618,1.0508575689783743,0.11776794182737907,,,,0.26209573091849936,0.017792531703375837,0.15108128262490678,0.06788562194822075,199937581,Hoist Finance AB (publ)
2024,HOLM-B.ST,1.4506020600609313,0.6241114173799507,0.033947482953721166,0.03344042772354932,0.047533554122363604,0.703512041987541,34.6,0.4897842611714047,0.1596291576958566,0.12570851091875743,0.03508363172609997,0.049869269653128816,0.2790871633884338,199626114,Holmen AB (publ)
2024,HUH1V.HE,1.520392816066531,0.9306378837476776,0.28054498805626826,0.3191785020946153,0.766651941294851,0.41632778175130275,4.404761904761905,0.1894190921648935,0.08518527494365412,0.054310156799069385,0.04579544293450496,0.10999852746281844,0.8432205987534485,199934473,Huhtamäki Oyj
2024,HUSQ-B.ST,1.6110031104199067,0.714942975635044,0.12765681700362883,0.25563790644860307,0.5898289938665259,0.4334102072073658,2.8507135016465424,0.29572716743878225,0.0537102911978822,0.027403209794837857,0.023326232769395983,0.05382022015516471,0.8512226466911959,199933795,Husqvarna AB
2024,INDU-C.ST,,,,0.04651704450443133,0.048932641445425876,0.950634241895798,,,,0.9936395759717315,0.07557153436372757,0.07949591023885211,0.07605527818255656,200319745,Industrivärden AB (publ)
2024,INDT.ST,1.9734276939511284,1.2509013219388436,0.40779810388569904,0.3133842712297725,0.6481793053719505,0.483483919700183,6.591525423728814,0.3504178957718781,0.11949975417895772,0.08447025565388397,0.07986403648935243,0.1651844730200697,0.9454693355800238,199938369,Indutrade AB (publ)
2024,IPCO.ST,1.9168244600582474,1.8203558281029228,1.1850988571593344,0.22945597082841526,0.47724565241692085,0.4807921657669979,5.000640579306503,0.2301523683121218,0.19661797976745052,0.11191854416753724,0.052312505310485535,0.10880482053411263,0.46741588446840376,199940357,International Petroleum Corporation
2024,INTRUM.ST,0.450607501320655,0.4379732347244233,0.10530022891354111,0.6630469828086512,3.840155363011652,0.1726614993745083,0.7998834838333819,0.5711750679310154,0.1522763821882105,-0.20501303166417123,-0.04767923238628303,-0.2761428144607111,0.2325668373334709,111273386,Intrum AB
2024,LATO-B.ST,1.4446470714438961,0.938103411285132,0.31752842737609954,0.2417670802365242,0.3720375888150355,0.6498458422079566,6.944558521560575,0.3938808622421386,0.1306497720775709,0.23835277756316156,0.0918988963195758,0.14141645656658264,0.3855583193077049,199938391,Investment AB Latour (publ)
2024,INVE-B.ST,,,,0.10391559621464358,0.12074853178806977,0.8605951118066569,,,,0.6738608257229832,0.11904126710710122,0.13832435889299505,0.17665556827610834,199936508,Investor AB
2024,ISB.IC,,,,0.2504479704342623,1.7711156561324801,0.14140689771844506,,,,0.3889004731734702,0.015080168204268298,0.10664379494622947,0.0387764203041783,252230673,Islandsbanki hf (Íslandsbanki)
2025,ISB.IC,,,,0.28235098055894553,2.165185326523458,0.13040499448252954,,,,0.3801358004245645,0.014610446912212909,0.11203901330765578,0.03843480907584829,252230673,Islandsbanki hf (Íslandsbanki)
2024,JYSK.CO,,,,0.581968808317782,8.630366885427375,0.06743268461743535,,,,0.3763105695664494,0.007080778459077579,0.10500513955878865,0.018816315649160222,199936174,Jyske Bank A/S
2025,JYSK.CO,,,,0.5821562409916402,8.647499617678545,0.06732075937898942,,,,0.3750086583085129,0.006967322818432649,0.10349441810674415,0.018579098546308116,199936174,Jyske Bank A/S
2024,JYSK.CO,,,,0.581968808317782,8.630366885427375,0.06743268461743535,,,,0.3763105695664494,0.007080778459077579,0.10500513955878865,0.018816315649160222,199936429,Jyske Realkredit A/S
2025,JYSK.CO,,,,0.5821562409916402,8.647499617678545,0.06732075937898942,,,,0.3750086583085129,0.006967322818432649,0.10349441810674415,0.018579098546308116,199936429,Jyske Realkredit A/S
2024,JARENO.XD,,,,,,,,,,,,,,937895976,Jæren Sparebank
2024,83I.F,5.843698639035956,5.823306915256439,0.34883229934712706,0.5688573982097334,1.4631423016101175,0.3887915738501533,,0.5328013810247956,0.42757674893729797,0.48736760754426545,0.09219376388062749,0.2371290174003629,0.18916678591991556,260003730,KRUK S.A.
2024,KERP.XD,,,,,,,,,,,,,,260005043,Kering SA
2024,KEYS,2.9831814996496147,2.2669936930623686,1.258584442887176,0.21900960189880245,0.39764936336924583,0.5507605998489589,9.916666666666666,0.6292428198433421,0.16730267121912032,0.12331793532837919,0.06624231308663286,0.12027424094025466,0.5371669004207573,260005070,Keysight Technologies Inc
2024,KOJAMH.XD,,,,,,,,,,,,,,199935978,Kojamo Oyj
2024,K3A.MU,2.027355623100304,1.5379939209726443,0.5124620060790274,0.3420136009288439,1.0325488232348523,0.331232376845248,0.5506329113924051,0.5055823395077391,0.011037807663029689,-0.023090586145648313,-0.03018742743406867,-0.09113670505758638,1.3073478188754355,942593821,Kongsberg Automotive ASA
2024,KOG.OL,1.1253661662394727,0.9588978396191871,0.32710087879897476,0.06755121445241594,0.2510574503399904,0.2690667588670873,32.12,1.2651330736773774,0.1303148328464784,0.20796819214540735,0.07384677442590831,0.27445521229319486,0.35508687008384476,943753709,Kongsberg Gruppen ASA
2024,KVIKA.IC,,,,0.1644105653225943,0.6518323551002972,0.2522282977151334,,,,0.4750320849375802,0.022964291555976693,0.09104565888920428,0.04834261155011083,199937293,Kvika banki hf.
2025,KVIKA.IC,,,,0.25268425470400335,,,,,,0.31894752913634283,0.01826517288815314,,0.05726701485229313,199937293,Kvika banki hf.
2024,LUND-B.ST,0.9559857823489375,0.42032821598729486,0.09612039627921047,0.0915965899722367,0.18072151442413373,0.5068383267155978,12.466338259441708,0.48098441136153525,0.24202237878159966,0.2008989766967388,0.028084154422741838,0.05541047892871902,0.13979242146731016,111902467,L E Lundbergföretagen AB
2024,LSG.OL,2.3786997029231225,0.9146770023023912,0.40262374520284716,0.3133964140147408,0.6708411286415136,0.46716934999108356,5.760730761858504,0.46201814501547983,0.09945701950904509,0.08589569612112775,0.0624190978727267,0.1336112865150893,0.7266848129934823,975350940,Lerøy Seafood Group ASA
2024,LOOMIS.ST,1.1499803998431988,1.1169737357898863,0.6900039200313602,0.4297713138921236,1.2726338958180485,0.3377022373082927,4.182481751824818,0.27728138755666515,0.11293607515931936,0.0539057880559753,0.040658060999479696,0.12039618488628026,0.7542429573102748,199936702,Loomis AB
2024,MANTA.HE,,,,0.017731419676835045,0.19991256557581813,0.08869587374741729,13.68125,,0.15471058025302142,0.116545338893208,0.009134367712308963,0.10298526105420934,0.07837608778742237,199939029,Mandatum Life Insurance Company Limited
2024,MKC,0.7419869571250174,0.31188427917302625,0.06455529346468711,0.3449423502138436,0.8521073521073521,0.40481090717122026,5.108882521489972,0.385353302497137,0.1591088240105894,0.1172717402620581,0.06032761298516484,0.14902664902664903,0.514425835673244,260005954,McCormick & Company Inc
2024,MELG.OL,,,,0.2056658079678275,1.4599337021664842,0.1408733887454119,,,,0.4054057195663103,0.01257421002996658,0.08925894480107131,0.03101636070506863,937901291,Melhus Sparebank
2024,MBG.MU,1.3600486461924999,1.013912276481437,0.19392991740838747,0.35108863816459757,1.004502024291498,0.349515112637259,20.99146757679181,0.19627182438836765,0.0844883717735621,0.07010591095786914,0.03851552771593525,0.1101970310391363,0.5493905890343761,199936672,Mercedes-Benz Group AG
2024,METSO.HE,1.5413223140495869,0.8054094665664914,0.16190833959429002,0.22879543834640056,0.6170703575547867,0.37077690662865287,9.223529411764705,0.3322721846398727,0.15598885793871867,0.06545961002785515,0.04689950106913756,0.12648981161091888,0.7164647184604419,199936153,Metso Oyj
2024,METSB.HE,1.7760776264228402,0.8941966784847919,0.340735211793245,0.15386927624327845,0.26431440045897875,0.5821448849403827,2.337579617834395,0.1934385639121015,0.018931187454864336,0.01305065511193645,0.0084499515714238,0.014515203671830177,0.6474733642830901,199936520,Metsä Board Oyj
2025,METSB.HE,1.6455539872971066,0.9855328158080452,0.5456951305575158,0.1751315879417595,0.3221830985915493,0.5435778248684121,-7.16,0.15025060539505547,-0.08064425297065946,-0.08819057273188038,-0.0535238225442614,-0.09846579476861167,0.6069109303438376,199936520,Metsä Board Oyj
2024,MSFT,1.2749549031815206,1.2650096579027186,0.14618552751305014,0.1310656958819751,0.25002886653232864,0.524202255922431,37.285519591141394,0.6976444382797138,0.44644299573273716,0.35955972944084985,0.17208583985957596,0.32828137978299815,0.47860153896318164,260005071,Microsoft Corporation
2024,TIGO,0.7640449438202247,0.7499197431781701,0.22439807383627608,0.49275678823615054,1.865766262403528,0.2641042440125209,2.25569176882662,0.7553411440385941,0.22191592005513439,0.04359062715368711,0.018417412826672492,0.0697353914002205,0.42250855354153016,101187763,Millicom International Cellular S.A.
2024,PND.F,2.9126584968477722,0.8605936105404831,0.19600481688744067,0.31270529650367634,0.6967857887059804,0.4487825405917215,5.806968641114983,0.5004461258431778,0.14870266604803883,0.0836039830115279,0.0547652167814184,0.12203063138153782,0.6550551159012005,964118191,Mowi ASA
2024,NG.L,0.9113179383615769,0.8386162086223549,0.04811660374045131,0.4787388761759471,1.5760538386848362,0.3037579455886092,2.604178757980267,0.7344080604534005,0.22604534005037782,0.11536523929471033,0.023290109331299262,0.07667325141460475,0.20188151538265955,260003994,National Grid PLC
2024,NEF.MU,1.7302180685358255,0.8277258566978193,0.29750778816199375,0.33033823246261473,0.69394633949036,0.47602849624542715,0.08843537414965986,0.06140053307487279,0.0006299975769323964,-0.004603828446813666,-0.006097169629677171,-0.012808413105028987,1.3243694242988255,199934503,Neste Oyj
2024,0K8D.L,1.578637879585747,1.3888011233982798,0.5812708443040197,0.1213313239163197,0.22994626518855593,0.5276507701346139,4.877300613496932,0.46118626430801246,0.08272632674297607,0.06644120707596254,0.032618968556029526,0.061819238030691774,0.49094485172035046,199936681,Nokia Oyj
2024,NDA-DK.CO,,,,0.31653070882562906,6.083086693797016,0.05203455494862478,,,,0.42021762604867513,0.008115760682115327,0.15596867677888765,0.01931323242774984,199936757,Nordea Bank Abp
2025,NDA-DK.CO,,,,0.31570413387330937,6.3722199944477005,0.0495438221135478,,,,0.41300452257018516,0.007396653167265225,0.1492951664147568,0.017909375716359748,199936757,Nordea Bank Abp
2024,NODO.OL,,,,,,,,,,,,,,966011726,Nordic Semiconductor ASA
2024,NORION.ST,,,,0.044504954914739756,0.33046072257209147,0.13467547540398178,,,,0.34562841530054644,0.018822724161533196,0.13976356203734394,0.05445942326577984,199937985,Norion Bank AB
2024,NOHA.F,1.5305296391491774,0.9600696201250734,0.30456780878751694,0.16756923581407238,0.3424862755147298,0.48927284914476954,12.803381340012523,0.36479976428413585,0.20082009477742038,0.02843322611535345,0.027920972556432673,0.05706626191344458,0.9819839804022742,914778271,Norsk Hydro ASA
2025,NOHA.F,1.7284317260983009,1.1387539509132178,0.3412104113192338,0.17558666513039137,0.3663151147301263,0.47933229634750546,15.535454197010349,0.3599299902390237,0.19489255713536985,0.032297772285559044,0.032247378730268464,0.06727562272768246,0.9984397203978953,914778271,Norsk Hydro ASA
2024,NOVO-B.CO,0.7434631963017085,0.5557500896082054,0.07193930537557326,0.22074823357601528,0.7163556026371911,0.3081545433069175,78.25548780487804,0.8466889116159269,0.4419341397988313,0.3477512284652707,0.21688465090307754,0.7038177940705016,0.6236775980929063,260002713,Novo Nordisk A/S
2025,NOVO-B.CO,0.7996485224495852,0.5695512865098464,0.12271110678333125,0.24121848878803173,0.6748777358062737,0.35742546536944053,30.344188257665795,0.8097869696891259,0.4130471358682991,0.3314329718116636,0.1886786197140552,0.5278824202383958,0.569281380433301,260002713,Novo Nordisk A/S
2024,NZM2.F,1.7269135348708995,1.064779932004043,0.2572819994486814,0.11824475506067546,0.160773085182534,0.7354760588591435,8.62565445026178,0.4720229555236729,0.1719055693230729,0.07977044476327116,0.020124246492405698,0.02736220472440945,0.2522769749137908,260005685,Novonesis A/S
2025,NZM2.F,0.7234523766096378,0.4417612081858972,0.10042680480064203,0.336036846064921,0.5061076718991819,0.663963153935079,12.922401171303076,0.5391331537425438,0.21228593419280353,0.14036944390994804,0.035696154528383824,0.053762252192497605,0.25430146001920595,260005685,Novonesis A/S
2024,OLT.OL,0.2911244901922703,0.2911244901922703,0.015925422412118858,0.34193916711598843,0.6810486418193303,0.5020774525040439,2.455905511811024,0.6787395129936566,0.6382238592183344,0.4571311643134848,0.03542770148117606,0.07056222362602653,0.0775000792920803,914594685,Olav Thon Eiendomsselskap ASA
2024,OMASP.HE,,,,0.36340203577854197,4.8625063569287486,0.0747355394735306,,,,0.22028380757905328,0.007724387703347607,0.1033562848112361,0.03506561734264355,199936581,Oma Säästöpankki Oy
2024,ORCL,0.7150012680699974,0.7150012680699974,0.3314100938371798,0.6605663375326297,10.698988970588236,0.06174100556123028,4.573420603301082,0.7140726194747078,0.3034497082759011,0.19763599629916354,0.07424668028600613,1.2025505514705883,0.375673873567132,260005970,Oracle Corporation
2024,OKL.F,1.3987902220004989,0.7707034173110502,0.09067099027188825,0.20186514905631017,0.3780076596453251,0.5340239646088523,6.662313432835821,0.5124469344730991,0.10312761717734716,0.08746065209229792,0.06732543405286441,0.1260719340604446,0.7697796945512749,910747711,Orkla ASA
2024,OUT1V.HE,1.557839107457428,0.5361127422196125,0.1837933059307105,0.08398994132439229,0.13367129135538955,0.6283319362950545,-0.796875,0.03904409289801414,-0.00858296869740828,-0.006731740154830024,-0.006705783738474434,-0.010672358591248666,0.9961441743503772,199934406,Outokumpu Oyj
2024,PARBO.OL,,,,,,,,,,,,,,990906475,Pareto Bank ASA
2024,PLAZ-B.ST,0.448488241881299,0.448488241881299,0.10946248600223964,0.4923525579375175,1.238682485170153,0.3974808426147116,2.1611785095320624,0.7868263473053893,0.7467065868263473,0.22694610778443114,0.011758136071727732,0.029581642210427726,0.05181025656935439,199938443,Platzer Fastigheter Holding AB
2024,PR40.F,,,,0.06522268191774154,0.2777681810329936,0.2348097671777399,17.170542635658915,,0.18942957324895238,0.13452492944496708,0.06380303399042751,0.271722231818967,0.4742840918309402,985279721,Protector Forsikring ASA
2024,RWE.F,1.2700634632819583,1.1775883952855848,0.18458748866727107,0.1603990166798724,0.5004912992487875,0.320483127120538,4.542572463768116,0.35708388375165123,0.20702608982826948,0.21197985468956407,0.05216269478474635,0.1627626866144727,0.24607383027569532,260003987,RWE AG
2024,RILBA.CO,,,,0.12465178506184399,0.8883022619529882,0.14032586699462998,,,,0.5567211213951044,0.029260495689440842,0.2085181892413363,0.052558623276437,199936202,Ringkjøbing Landbobank A/S
2025,RILBA.CO,,,,0.14479647183733546,1.0803287840429572,0.13403000454681757,,,,0.5622690439964807,0.026803908420886192,0.19998438791012207,0.04767096589627289,199936202,Ringkjøbing Landbobank A/S
2024,ROGS.OL,,,,0.4462658883823595,4.144328527216534,0.10768110815821016,,,,0.5113530330069921,0.011525683424956717,0.1070353344434628,0.022539581621683895,915691161,Rogaland Sparebank
2024,ROGS.OL,,,,0.4462658883823595,4.144328527216534,0.10768110815821016,,,,0.5113530330069921,0.011525683424956717,0.1070353344434628,0.022539581621683895,993153036,Rogaland Sparebank Boligkreditt AS
2024,ROMER.OL,,,,0.27820035716778063,2.202617197407154,0.12630445158390147,,,,0.4091442593827284,0.010663512963362794,0.08442705565511473,0.026062966102593548,937885911,Romerike Sparebank
2024,SAP,1.1215281417042238,1.1215281417042238,0.5035635677601928,0.14347293128763286,0.23440732426603283,0.6120667591632205,14.326605504587157,0.7295177902621723,0.22846441947565543,0.09140917602996254,0.042081441868609994,0.06875302610150094,0.46036343063431984,260005042,SAP SE
2025,SAP,1.1630684428112081,1.1630684428112081,0.4719797887000459,0.1062505329581308,0.16767595209258512,0.6336658992069583,19.552845528455286,0.728641304347826,0.2614130434782609,0.19459239130434783,0.10177368465933316,0.16061095411115597,0.5230095790341377,260005042,SAP SE
2024,SRBNK.OL,,,,,,,,,,,,,,915174388,SR-Boligkreditt AS
2024,SSAB-A.ST,2.7125792385768204,1.5481294199552966,1.0190172584368473,0.09168412686944585,0.1430544204266832,0.6409038364280037,10.643631436314363,0.11501448006130391,0.07817242717673636,0.06490650159728512,0.05890109096163572,0.09190316489586563,0.9074759771692796,101072299,SSAB AB (publ)
2024,SAAB-B.ST,1.3155385698481343,0.876536256662979,0.057185959971839485,0.104024122697174,0.29248232543728697,0.3556595173457019,35.15723270440252,0.21431820677322708,0.0876848990604069,0.06542642468353438,0.04178395760496078,0.11748302960313213,0.6386403934964888,155617436,Saab AB (publ)
2024,SALMO.OL,,,,,,,,,,,,,,960514718,SalMar ASA
2024,SBB-B.ST,0.5177681128672961,0.4923093242813196,0.26286199215020684,0.6481430314752136,2.705252030176349,0.23958693099399048,0.26817826426896013,0.6196581196581197,0.18322649572649571,-3.235576923076923,-0.06973129792083996,-0.2910480034597088,0.021551426400497342,199938071,Samhällsbyggnadsbolaget i Norden AB (publ)
2024,SMP0.MU,,,,0.12594983250265546,0.4367474146479671,0.28838140370945337,16.135922330097088,,0.17410433689503457,0.12088833019065577,0.04714437454040363,0.16347924635217453,0.3899828417354359,199934554,Sampo Oyj
2024,SAND.ST,1.7915955735387314,0.942719251206552,0.11036903427095013,0.23188562998958695,0.4411291321035038,0.5256638320027768,7.507644061152489,0.39987630006998814,0.15586191181497094,0.09963541073259656,0.06639947066990629,0.12631546366225083,0.6664244186046512,100000446,Sandvik AB (publ)
2024,SAND.ST,1.7915955735387314,0.942719251206552,0.11036903427095013,0.23188562998958695,0.4411291321035038,0.5256638320027768,7.507644061152489,0.39987630006998814,0.15586191181497094,0.09963541073259656,0.06639947066990629,0.12631546366225083,0.6664244186046512,199938568,Sandvik Treasury Aktiebolag (publ)
2024,SAP.JO,1.5033860045146727,0.8743416102332581,0.23852520692249812,0.28021269738962296,0.6745539177657098,0.41540444730905574,1.75,0.14217662147306706,0.03334554781971418,0.006046170758519604,0.005317434740573638,0.012800620636152055,0.8794714792136642,199938861,Sappi Papier Holding
2025,SAP.JO,,,,,,,,,,,,,,199938861,Sappi Papier Holding
2024,STG.CO,1.8809540611107192,0.6537294474631289,0.05648860348599252,0.31390902712815716,0.5825214277964631,0.5388797942001871,7.650853889943074,0.46494821834146555,0.1752643418350159,0.10211799480553352,0.05494036482694107,0.10195291309536726,0.5380086529466791,199939732,Scandinavian Tobacco Group A/S
2024,SECU-B.ST,1.2196612584959439,1.1730980048235036,0.20354637140977855,0.37273845357154417,1.079435748430031,0.3453086060135288,3.9307116104868913,0.20989247843083972,0.06481555820430951,0.0318673921233194,0.04175162637149238,0.1209110507076577,1.3101676538175226,199936531,Securitas AB (publ)
2024,SECU-B.ST,1.2196612584959439,1.1730980048235036,0.20354637140977855,0.37273845357154417,1.079435748430031,0.3453086060135288,3.9307116104868913,0.20989247843083972,0.06481555820430951,0.0318673921233194,0.04175162637149238,0.1209110507076577,1.3101676538175226,260004245,Securitas Treasury Ireland Designated Activity Company
2024,SEB-A.ST,,,,0.2538105736600931,4.126840811947324,0.061502390139523695,,,,0.43946281751234517,0.009542731160788834,0.15516033017806774,0.021714535975551025,199936759,Skandinaviska Enskilda Banken AB
2024,SKUE.OL,,,,0.2157893089459183,1.5974941162896903,0.1350798771310072,,,,0.5760507907061722,0.014235330578880146,0.10538453899446483,0.024711936531550047,837889812,Skue Sparebank
2024,SPNO.CO,,,,,,,,,,,,,,199936446,Spar Nord Bank A/S
2025,SPNO.CO,,,,,,,,,,,,,,199936446,Spar Nord Bank A/S
2024,93S.F,,,,0.17940194438097484,1.2768859511069144,0.14049958355752434,,,,0.6259699948266942,0.026755507728140455,0.1904312244255587,0.042742476395450826,952706365,SpareBank 1 Nord-Norge
2024,RING.OL,,,,0.15421449863639247,0.9208483241810264,0.1674700323460392,,,,0.5440494590417311,0.02232510940572081,0.1333080855898504,0.04103507325426524,937889275,SpareBank 1 Ringerike Hadeland
2024,MING.OL,,,,0.21545504826422393,1.7967208699457968,0.11991570414091296,,,,0.5698856416772554,0.018106653640103512,0.150994849005151,0.03177243347772902,937901003,SpareBank 1 SMN
2024,SOR.OL,,,,,,,,,,,,,,937895321,SpareBank 1 Sør-Norge ASA
2024,SPOL.OL,,,,0.24862870250324126,2.019791666666667,0.12309621165709726,,,,0.5236970555817981,0.01579544752976487,0.1283179012345679,0.030161421305332746,920426530,SpareBank 1 Østlandet
2024,HELG.OL,,,,0.21432786801118722,1.599578705476829,0.1339901983424422,,,,0.4568,0.014651168757858005,0.10934507851397932,0.03207348677289405,937904029,Sparebank 1 Helgeland
2024,SB68.OL,,,,0.2071544161274537,1.6163349378909984,0.12816305041190892,,,,0.3926230443580373,0.011640728603883323,0.09082749331005051,0.029648612762698704,937905378,Sparebank 68 grader Nord
2024,MORG.OL,,,,0.4086578394488689,4.633281630844228,0.08820051790687448,,,,0.4523115368596418,0.010612205012947672,0.12031907821847995,0.023462158596765526,937899319,Sparebanken Møre
2024,SBNOR.OL,,,,0.3465417973959612,4.487077382547766,0.07723107222171294,,,,0.6335285305733351,0.013756516750599556,0.17812153003790634,0.02171412349519616,832554332,Sparebanken Norge
2024,SBNOR.OL,,,,0.3465417973959612,4.487077382547766,0.07723107222171294,,,,0.6335285305733351,0.013756516750599556,0.17812153003790634,0.02171412349519616,992710691,Sparebanken Norge Boligkreditt AS
2024,SPOG.OL,,,,0.5140935173697271,4.7525089605734765,0.10817307692307693,,,,0.47407906126767335,0.01061698717948718,0.09814814814814815,0.022394971739729805,937888937,Sparebanken Øst
2024,STEF-B.ST,0.6026119402985075,0.6026119402985075,0.39925373134328357,0.5385642737896494,1.494902687673772,0.36026711185308846,1.48,0.8126385809312638,0.697339246119734,0.3625277161862528,0.021836393989983306,0.060611677479147356,0.06023372287145242,199936735,Stendörren Fastigheter AB
2024,SFAST.ST,0.310023366870709,0.310023366870709,0.20317616019177634,0.5387384156007977,1.305101062519185,0.4127944042593087,1.577771621306667,0.774342851721098,0.7092141103542612,0.05578792562927705,0.004009153877186902,0.009712229225540655,0.0718641862367962,199940347,Stenhus Fastigheter i Norden AB (publ)
2024,STE-R.ST,1.114366729678639,0.7398393194706995,0.47235349716446123,0.28936471063528935,0.5652002367330834,0.511968488031512,3.0090909090909093,0.30191181346005086,0.07315725494529782,-0.015029285003867831,-0.006867993132006868,-0.013414874728743342,0.45697404302595696,179348875,Stora Enso Oyj
2025,STE-R.ST,1.2142203234665854,0.6951480012206286,0.3698504729935917,0.23448239676793117,0.4139496109670248,0.566451545201742,2.9356435643564356,0.29026377868325115,0.0635856744585031,0.0745228393737937,0.036465711737237,0.06437569470174138,0.4893226297287371,179348875,Stora Enso Oyj
2024,SKT.DU,,,,0.05951860294572411,1.6993882441977801,0.03502354635495357,2.671615500754907,,0.113552016599108,0.059070150482892866,0.006099742889707637,0.17416120080726538,0.10326269426847262,916300484,Storebrand ASA
2024,STORB77-PRO-ESG.OL,,,,,,,,,,,,,,953299216,Storebrand Bank ASA
2024,STOR-B.ST,1.4001883239171375,0.954697635488596,0.19868173258003766,0.2687123668364984,0.5576756704796694,0.48184344603983326,1.5985010706638116,0.4631970042712539,0.0436779591597917,-0.0015212685038909367,-0.0012042612320518759,-0.002499279054119004,0.7916164891153312,199939868,Storskogen Group AB (publ)
2024,SVEAF.ST,0.6307519640852974,0.6307519640852974,0.345679012345679,0.4252114710129977,0.833007746716066,0.510453201292896,1.2179226069246436,0.6326230712711242,0.4393828067597355,-0.8265980896399706,-0.03868372188982876,-0.07578309195015157,0.04679870710405062,260005636,Sveafastigheter AB (publ)
2024,SCA-B.ST,1.2586322120739586,0.620405435509022,0.14791713076409,0.09197188854572132,0.1319555918681213,0.6969912168454339,9.112727272727273,0.844998022933966,0.24772637406089362,0.1798635824436536,0.02437978601528845,0.03497861296679002,0.1355459825944809,199936137,Svenska Cellulosa AB SCA
2024,SHB-A.ST,,,,0.5196459737910523,8.756782622772853,0.05934211184364257,,,,0.44052700837692976,0.007756331775813163,0.13070535467712907,0.01760693811802927,199934589,Svenska Handelsbanken AB (publ)
2024,SWED-A.ST,,,,0.3065178986456112,4.21487248371209,0.07272293523235063,,,,0.4754950090001636,0.01158555163526428,0.15931083637161106,0.02436524341154608,199936802,Swedbank AB (publ)
2025,SWED-A.ST,,,,0.29831049026669215,4.04628834111301,0.07372447663594732,,,,0.4825107880822987,0.010696810938551944,0.14509171752243116,0.022169060677514757,199936802,Swedbank AB (publ)
2024,SCMN.SW,0.8435526315789473,0.8078947368421052,0.20039473684210526,0.10476945435328312,0.3262300477209149,0.32115206764433873,9.765,0.8341653807751657,0.17727148951620222,0.13996550785150222,0.04074514466904479,0.12687181174921836,0.29110846875412866,260005605,Swisscom Finance B.V.
2025,SCMN.SW,0.7599288678126852,0.7319205690574985,0.038233550681683465,0.10351719734613997,0.30468175504534684,0.33975515642783777,5.31767955801105,0.7997076023391813,0.12792397660818713,0.08446305156831473,0.035283013630180715,0.10384835362366207,0.41773311495433474,260005605,Swisscom Finance B.V.
2024,TGS.OL,0.6553559810556623,0.6215472474029008,0.09707668725478648,0.22257480836022928,0.4330785422260602,0.5139363571701706,4.597285067873303,0.38287058109543315,0.15414959793658017,0.07146108329540282,0.02332962833078738,0.045394002594493735,0.3264662002722285,976695372,TGS ASA
2024,TEL2-B.ST,0.5373499503020108,0.4732777735300864,0.00894563804572215,0.47596288135067194,1.3880617278363578,0.34289748921510815,5.1345029239766085,0.43028090457357265,0.20775445357130784,0.13081837541831456,0.06005400204835356,0.17513689641127755,0.459063964495205,260000039,Tele2 AB
2024,ERCG.MU,1.170109346800734,0.9644205832840439,0.33277977463336217,0.15574572294390063,0.48296635696406603,0.32247737486917444,1.7549240292628026,0.44120138776827494,0.025161368404066485,8.068420203324189e-05,6.840553537592262e-05,0.0002121250689406474,0.847818205449185,199938797,Telefonaktiebolaget L M Ericsson
2024,TEQ.F,0.5918635736460849,0.5729561917902725,0.2235469127285271,0.43656253277857415,1.316945510158341,0.33149627635397366,4.509517601043025,0.7706492508643873,0.22909905016757853,0.24290275146714005,0.08013705814482011,0.2417434639876597,0.32991416384042516,982463718,Telenor ASA
2024,TELIA.ST,0.8120759672202903,0.7666269484230236,0.23860126936264378,0.4620212265998277,1.70237558397518,0.27139794000156653,2.2182194616977227,0.6551843389118756,0.1323287840424875,0.08743284135120113,0.034654774026787814,0.12768989339634554,0.3963587765332498,199936120,Telia Company AB
2024,DIS,0.7295297551952369,0.6710887597907454,0.1734732217694153,0.24841121400068292,0.48406093588623184,0.5131817000392419,5.7555555555555555,0.3575157890128173,0.1304057530018279,0.054421470868313615,0.025339034446205517,0.04937634066894415,0.46560730612224094,260005881,The Walt Disney Company
2024,TMO,1.6604410441044104,1.287053705370537,0.3007050705070507,0.32135921332497613,0.6307351013411314,0.5094994913739069,5.551798561151079,0.41283612024534155,0.17997154784393293,0.14774131859418363,0.06509386463353233,0.12776041141474237,0.44059349986128377,260005897,Thermo Fisher Scientific Inc
2024,TINDE.OL,,,,0.1603494554955752,1.1768070915966957,0.13625806356929115,,,,0.3210558698982977,0.010100621603963933,0.07412861550632177,0.031460635207085766,937900775,Tinde Sparebank
2024,TMRA.MU,1.4127829560585885,0.9838310823663686,0.22294084078371695,0.34465113479019927,0.9489474556605337,0.3631930648365541,6.28,0.4332344213649852,0.11646884272997032,0.06899109792284866,0.05598699656853892,0.15415216310293386,0.811510444885919,927124238,Tomra Systems ASA
2024,UPM.HE,2.1031746031746033,1.2385129490392648,0.37259816207184626,0.19972769166317553,0.34240057455785977,0.5833158776707164,10.45045045045045,0.38727149627623564,0.1121965373827256,0.042170422671438244,0.022832006702974444,0.03914175419696562,0.5414222873900293,199936679,UPM-Kymmene Oyj
2024,UNH,0.8266341585637329,0.8266341585637329,0.24392641347608632,0.2578265913007329,0.829976904314792,0.3106430913443164,8.26600102406554,0.2233422771174034,0.0806614402989922,0.03598748869535673,0.04829387350055988,0.15546418010317511,1.341962866855752,260005893,UnitedHealth Group Incorporated
2024,V,1.2834408115548517,1.2834408115548517,0.45159708866010484,0.22046111034694374,0.5323862329764673,0.4140999460380273,37.53042121684867,0.803985971162946,0.6696264543784446,0.5495462895952792,0.2088963189470009,0.504458696374275,0.3801250648072711,260005036,VISA Inc.
2024,VEND.OL,3.044296788482835,3.0428202288667405,2.0468807678110004,0.09676534404070129,0.11943974141911652,0.8101603611242736,3.15625,0.9016444792482381,0.1581832419733751,2.0292873923257635,0.3231413821482904,0.398861012775127,0.15923884579893757,933739384,Vend Marketplaces ASA
2024,VWS.CO,1.0393410852713179,0.6512273901808786,0.24450904392764858,0.13273007628631717,0.9268914706715784,0.1431991559811719,3.8092783505154637,0.11893610870193698,0.042729112460248624,0.02885226944203527,0.02024833630904074,0.14139982998016434,0.7017935400097387,199936686,Vestas Wind Systems A/S
2024,VOD.L,1.351554492654595,1.3321489579774513,0.15558592415442432,0.39478351229650155,0.9503218490477937,0.415420852095601,1.388646288209607,0.33385080480431406,0.10393005964539587,0.031048288258844675,0.007897471423623138,0.019010772771237035,0.2543609282992726,199938770,Vodafone Group Plc
2024,VOWA.MU,,,,,,,,,,,,,,199938860,Volkswagen AG
2024,VOLCAR-B.ST,0.9353060153435191,0.5670202791553398,0.33242129222858424,0.09534431465478382,0.26928365136293203,0.3540664803533942,23.230240549828178,0.19841642639056153,0.06756047712088428,0.038479989206314305,0.03966927247672157,0.11203905107630528,1.0309065385655596,199937854,Volvo Car AB
2024,VOLV-B.ST,1.2751709141638996,0.9963023463551954,0.26076109740950715,0.3622502672958615,1.3339465805028627,0.2715627991334576,38.922476296709426,0.2734332290591022,0.13247129927716697,0.09564819595456478,0.07051712652750489,0.2596715262639849,0.737255165387565,130985892,Volvo Treasury AB
2025,VOLV-B.ST,1.1491309220274224,0.9010695187165776,0.24354114488142783,0.38082764149925225,1.3845735586759718,0.27505049414884597,27.00655021834061,0.24389220819603366,0.10325074136603343,0.07190572286579448,0.05312447000416288,0.19314442669357326,0.7388072588229853,130985892,Volvo Treasury AB
2024,VNAA.F,1.059559532740328,0.842380237916622,0.22657003536598436,0.4788017682462601,1.8004909069693786,0.26592845672971965,1.1418310340896134,0.37938408176323013,0.16862824333653248,-0.1508646091158593,-0.009929485140680636,-0.037338934173459355,0.06581719330247361,260003089,Vonovia SE
2024,VAR.OL,0.6678691891698113,0.54063007750761,0.1405401387355642,0.2420883161476199,6.359122844317599,0.038069451097952255,1161.5806451612902,0.5498284117575248,0.48843644452884444,0.04436878586058625,0.014957817217760027,0.39290866525166696,0.3371247810287137,260002891,Vår Energi ASA
2024,IU20.MU,1.8286814244465832,0.8620468399101701,0.07443054218800128,0.2699746565292784,0.5792787635947338,0.4660530879018274,2.9034749034749034,0.26954139025093743,0.05422555523507355,0.001009518315546582,0.0009337068160597573,0.002003434459072696,0.9249032946511938,986228608,Yara International ASA
2024,ALBAV.HE,,,,0.06176945433029248,0.9055172721725282,0.0682145512057373,,,,0.24248062734907894,0.010610926795630873,0.15555224813585558,0.04375989501361367,199935267,Ålandsbanken Abp
2025,ALBAV.HE,,,,0.03722398720245436,0.4983838200851438,0.0746893974128113,,,,0.24945041384637182,0.01054993416439032,0.14125076021273017,0.04229271061016428,199935267,Ålandsbanken Abp
2024,ORSTED.CO,1.4816006846256884,1.251302277124572,0.42433769906236046,0.3233685647921924,1.1627694270275475,0.27810205297436963,5.2053724053724055,0.3887274148862033,0.3623136674995326,-0.0035014362687607295,-0.000689456667983105,-0.0024791498682199464,0.19690681624975734,199936712,Ørsted A/S
